Main,,,,Estado,,,,,Estado AMD,,Media de los flujos (kg/min),,,,Sangre (ppm),,,,Conductividad (mS / cm),,,,Misc,,,,Flujos máximos (kg/min),,,,Producciones (kg),,,
Hora de inicio,Acción,Duración (mm:ss),Producción (kg),Número de ordeño,RCS (* 1000 células / ml),Patada,Incompleto,Pezones no encontrados,Ubre,Pezón,DI,DD,TI,TD,DI,DD,TI,TD,DI,DD,TI,TD,EO/PO,Usuario,Destino Leche,Razón de la desviación,DI,DD,TI,TD,DI,DD,TI,TD
01/03/2025 12:16 a. m.,Ordeño,08:58,14.48,1,,TI,,,0,,0.72,0.84,0.72,0.90,0,0,0,0,4.76,4.87,4.90,0.00,VMS 1,,Tanque,,1.08,1.38,1.20,1.26,3.07,2.75,4.31,4.35
01/03/2025 09:13 a. m.,Ordeño,10:49,19.68,2,,,,,0,,0.78,0.90,0.72,0.96,0,0,0,0,4.77,4.85,4.92,0.00,VMS 1,,Tanque,,1.14,1.38,1.20,1.50,4.00,4.09,5.65,5.94
01/03/2025 04:56 p. m.,Ordeño,10:07,16.25,3,,TI,,,0,,0.72,0.84,0.66,0.96,0,0,0,0,4.48,4.67,4.71,0.00,VMS 1,,Tanque,,1.26,1.38,1.20,1.38,3.23,3.27,4.72,5.03
01/03/2025 11:20 p. m.,Ordeño,08:07,11.43,4,,TI,,,0,,0.60,0.66,0.66,0.90,0,0,0,0,4.14,4.41,4.38,0.00,VMS 1,,Tanque,,0.96,1.02,1.20,1.50,2.15,2.20,3.49,3.59
02/03/2025 06:29 a. m.,Ordeño,09:26,13.94,1,,TD,,,0,,0.66,0.66,0.78,0.84,0,0,0,0,4.53,4.56,4.65,0.00,VMS 1,,Tanque,,1.08,1.14,1.38,1.74,3.24,3.05,4.65,3.00
02/03/2025 12:20 p. m.,Ordeño,08:06,12.76,2,,,,,0,,0.72,0.78,0.72,0.84,0,0,0,0,4.43,4.43,4.60,0.00,VMS 1,,Tanque,,1.20,1.20,1.14,1.26,2.18,2.34,3.31,4.93
02/03/2025 07:14 p. m.,Ordeño,09:12,13.61,3,,,,,0,,0.66,0.78,0.66,0.84,0,0,0,0,4.36,4.65,4.59,0.00,VMS 1,,Tanque,,1.26,1.38,1.20,1.32,2.73,2.76,4.19,3.93
03/03/2025 07:46 a. m.,Ordeño,12:04,26.33,1,,TD,,,0,,0.78,0.90,0.84,1.02,0,0,0,0,4.64,4.80,4.83,0.00,VMS 1,,Tanque,,1.14,1.32,1.32,1.50,5.44,5.45,7.68,7.76
03/03/2025 02:26 p. m.,Ordeño,08:27,13.44,2,,,,,0,,0.72,0.84,0.72,0.90,0,0,0,0,4.31,4.47,4.48,0.00,VMS 1,,Tanque,,1.02,1.32,1.32,1.38,2.62,2.65,4.04,4.13
03/03/2025 09:58 p. m.,Ordeño,10:10,15.03,3,,,,,0,,0.66,0.60,0.66,0.90,0,0,0,0,4.32,4.32,4.56,0.00,VMS 1,,Tanque,,0.96,0.96,1.02,1.26,3.19,2.91,4.57,4.36
04/03/2025 06:15 a. m.,Ordeño,10:49,16.72,1,,,,,0,,0.72,0.84,0.72,0.90,0,0,0,0,4.64,4.63,4.60,0.00,VMS 1,,Tanque,,1.14,1.26,1.14,1.32,3.19,3.51,5.05,4.97
04/03/2025 02:01 p. m.,Ordeño,11:08,16.60,2,,,,,0,,0.78,0.84,0.66,0.96,0,0,0,0,4.44,4.55,4.55,0.00,VMS 1,,Tanque,,1.20,1.32,1.02,1.32,3.37,3.46,4.65,5.12
05/03/2025 12:11 a. m.,Ordeño,10:40,19.34,1,,,,,0,,0.72,0.84,0.78,0.96,0,301,0,0,4.30,4.48,4.56,0.00,VMS 1,,Tanque,,1.14,1.32,1.26,1.32,3.99,3.79,5.84,5.72
05/03/2025 08:06 a. m.,Ordeño,08:41,16.17,2,,TD,,,0,,0.78,0.90,0.78,0.96,0,0,0,0,4.43,4.48,4.49,0.00,VMS 1,,Tanque,,1.20,1.44,1.20,1.50,3.27,3.27,4.87,4.76
05/03/2025 05:09 p. m.,Ordeño,08:34,15.08,3,,,,,0,,0.78,0.84,0.72,0.84,0,0,0,0,4.34,4.50,4.56,0.00,VMS 1,,Tanque,,1.14,1.26,1.20,1.14,2.96,3.13,4.39,4.60
05/03/2025 09:50 p. m.,Ordeño,07:21,8.65,4,,,,,0,,0.66,0.42,0.66,0.84,0,0,0,0,3.88,4.03,4.15,0.00,VMS 1,,Tanque,,1.08,0.72,1.14,1.14,1.76,1.69,2.72,2.48
06/03/2025 08:21 a. m.,Ordeño,11:50,22.20,1,,,,,0,,0.78,0.90,0.72,0.96,0,0,0,0,4.74,4.71,4.76,0.00,VMS 1,,Tanque,,1.14,1.50,1.20,1.38,4.52,4.59,6.57,6.52
06/03/2025 04:21 p. m.,Ordeño,10:09,15.14,2,,,,,0,,0.72,0.84,0.60,0.90,0,0,0,0,4.19,4.40,4.27,0.00,VMS 1,,Tanque,,1.14,1.32,1.08,1.50,2.95,3.09,4.46,4.64
07/03/2025 12:40 a. m.,Ordeño,10:29,14.79,1,,,,,0,,0.66,0.84,0.60,0.84,0,0,0,0,4.20,4.32,4.35,0.00,VMS 1,,Tanque,,1.14,1.32,1.02,1.26,2.94,3.06,4.30,4.49
07/03/2025 08:16 a. m.,Ordeño,09:41,16.65,2,,TD,,,0,,0.66,0.78,0.72,0.90,0,0,0,0,4.33,4.53,4.47,0.00,VMS 1,,Tanque,,1.02,1.26,1.14,1.32,3.24,3.27,5.13,5.01
07/03/2025 01:54 p. m.,Ordeño,10:05,9.13,3,,TI,,,0,,0.60,0.72,0.60,0.84,0,0,0,0,3.92,4.19,4.04,0.00,VMS 1,,Tanque,,0.90,1.14,1.20,1.26,1.78,1.83,2.56,2.96
07/03/2025 10:28 p. m.,Ordeño,11:14,15.96,4,,,,,0,,0.72,0.72,0.66,0.78,0,0,0,0,4.25,4.28,4.34,0.00,VMS 1,,Tanque,,1.08,1.26,1.14,1.20,3.18,2.94,5.23,4.61
08/03/2025 07:25 a. m.,Ordeño,11:07,20.24,1,,TI,,,0,,0.78,0.90,0.72,0.90,0,0,0,0,4.51,4.52,4.63,0.00,VMS 1,,Tanque,,1.20,1.26,1.38,1.44,4.00,4.27,6.07,5.90
08/03/2025 02:51 p. m.,Ordeño,07:48,14.14,2,,TI,,,0,,0.72,0.84,0.66,0.90,0,0,0,0,4.37,4.40,4.49,0.00,VMS 1,,Tanque,,1.08,1.20,1.14,1.44,3.01,3.09,3.49,4.55
08/03/2025 10:14 p. m.,Ordeño,12:18,16.87,3,,,,,0,,0.60,0.78,0.60,0.90,0,0,0,0,4.11,4.42,4.40,0.00,VMS 1,,Tanque,,1.02,1.26,1.02,1.50,3.23,3.11,5.64,4.89
09/03/2025 07:59 a. m.,Ordeño,11:15,22.91,1,,,,,0,,0.78,1.02,0.84,1.02,0,0,0,0,4.65,4.63,4.66,0.00,VMS 1,,Tanque,,1.20,1.62,1.32,1.50,4.56,4.75,6.77,6.83
09/03/2025 09:11 p. m.,Ordeño,13:16,23.10,2,,"TI,TD",,,0,,0.78,0.90,0.66,0.90,0,0,0,0,4.39,4.42,4.52,0.00,VMS 1,,Tanque,,1.14,1.44,1.56,1.44,5.29,5.53,4.57,7.71
10/03/2025 07:46 a. m.,Ordeño,13:53,25.20,1,,,,,0,,0.60,0.78,0.84,0.96,0,0,0,0,3.92,4.15,4.33,0.00,VMS 1,,Tanque,,0.96,1.38,1.20,1.32,4.45,4.74,9.10,6.91
10/03/2025 05:01 p. m.,Ordeño,10:09,19.58,2,,,,,0,,0.72,0.90,0.78,0.90,0,0,0,0,4.13,4.23,4.23,0.00,VMS 1,,Tanque,,1.02,1.44,1.26,1.38,4.01,4.13,5.55,5.89
11/03/2025 02:03 a. m.,Ordeño,09:41,18.64,1,,TI,,,0,,0.78,0.96,0.72,0.84,0,0,0,0,4.06,4.24,4.16,0.00,VMS 1,,Tanque,,1.20,1.32,1.44,1.32,3.86,3.80,5.07,5.91
11/03/2025 09:38 a. m.,Ordeño,07:38,16.16,2,,TI,,,0,,0.78,1.02,0.96,0.96,0,0,0,0,4.12,4.24,4.29,0.00,VMS 1,,Tanque,,1.20,1.44,1.68,1.32,3.40,3.17,4.99,4.60
11/03/2025 05:32 p. m.,Ordeño,08:29,14.40,3,,,,,0,,0.78,0.90,0.78,0.90,0,0,0,0,3.98,4.04,4.24,0.00,VMS 1,,Tanque,,1.20,1.50,1.20,1.32,2.67,2.84,4.60,4.29
11/03/2025 11:15 p. m.,Ordeño,08:12,8.48,4,,,TD,TD,0,,0.66,0.60,0.72,0.00,0,0,0,0,3.87,3.98,4.01,0.00,VMS 1,,Tanque,,1.02,1.14,1.08,0.00,2.63,2.28,3.57,0.00
12/03/2025 02:42 a. m.,Ordeño,09:15,3.31,1,,,TD,TD,0,,0.42,0.30,0.48,0.00,0,0,0,0,3.62,3.91,4.00,0.00,VMS 1,,Tanque,,0.72,0.54,0.84,0.00,0.88,1.11,1.32,0.00
12/03/2025 09:33 a. m.,Ordeño,09:23,17.61,2,,"TI,TD",,,0,,0.78,0.90,0.78,1.08,0,0,0,0,4.00,4.10,4.22,0.00,VMS 1,,Tanque,,1.26,1.44,1.20,1.62,3.19,3.01,3.64,7.77
12/03/2025 03:02 p. m.,Ordeño,06:56,10.24,3,,,,,0,,0.48,0.66,0.78,0.96,0,0,0,0,3.46,3.76,4.03,0.00,VMS 1,,Tanque,,0.84,1.20,1.08,1.32,1.66,1.86,3.36,3.36
13/03/2025 12:19 a. m.,Ordeño,09:09,15.06,1,,,,,0,,0.60,0.66,0.72,0.90,0,0,0,0,4.20,4.29,4.31,0.00,VMS 1,,Tanque,,0.96,1.14,1.20,1.32,2.94,3.01,4.79,4.32
13/03/2025 10:36 a. m.,Ordeño,09:09,17.64,2,,,,,0,,0.72,1.02,0.84,0.96,0,0,0,0,4.41,4.60,4.60,0.00,VMS 1,,Tanque,,1.14,1.50,1.26,1.38,3.66,3.74,5.20,5.04
13/03/2025 06:28 p. m.,Ordeño,08:31,12.88,3,,TD,,,0,,0.66,0.84,0.78,0.90,0,0,0,0,4.16,4.51,4.53,0.00,VMS 1,,Tanque,,1.08,1.26,1.38,1.50,2.75,2.84,4.38,2.91
14/03/2025 12:27 a. m.,Ordeño,08:01,12.68,1,,,,,0,,0.60,0.66,0.78,0.84,0,0,0,0,4.37,4.50,4.60,0.00,VMS 1,,Tanque,,1.02,1.02,1.26,1.20,2.34,2.24,3.45,4.65
14/03/2025 05:59 a. m.,Ordeño,07:28,11.19,2,,,,,0,,0.60,0.78,0.72,0.84,0,0,0,0,4.66,4.71,4.84,0.00,VMS 1,,Tanque,,0.96,1.20,1.14,1.14,2.27,2.25,3.55,3.12
14/03/2025 04:13 p. m.,Ordeño,10:48,20.69,3,,,,,0,,0.72,1.08,0.78,0.84,0,0,0,0,4.78,4.91,4.98,0.00,VMS 1,,Tanque,,1.14,1.50,1.20,1.26,4.15,4.27,6.12,6.15
14/03/2025 11:43 p. m.,Ordeño,10:19,16.50,4,,,,,0,,0.66,0.84,0.78,0.84,0,0,0,0,4.38,4.50,4.59,0.00,VMS 1,,Tanque,,1.14,1.32,1.38,1.38,3.36,3.23,5.02,4.89
15/03/2025 09:53 a. m.,Ordeño,11:25,20.67,1,,,,,0,,0.78,1.02,0.84,0.96,0,0,0,0,4.67,4.81,4.86,0.00,VMS 1,,Tanque,,1.20,1.44,1.26,1.38,4.11,4.18,6.35,6.03
15/03/2025 03:15 p. m.,Ordeño,08:01,12.26,2,,,,,0,,0.72,0.90,0.72,0.84,0,0,0,0,4.00,4.43,4.43,0.00,VMS 1,,Tanque,,1.14,1.32,1.14,1.32,2.32,2.34,3.82,3.78
15/03/2025 11:09 p. m.,Ordeño,08:59,16.18,3,,,,,0,,0.72,0.78,0.78,0.96,0,0,0,0,4.42,4.42,4.56,0.00,VMS 1,,Tanque,,1.20,1.26,1.14,1.38,3.41,3.18,4.68,4.91
16/03/2025 05:35 a. m.,Ordeño,08:51,13.87,1,,,,,0,,0.66,0.78,0.72,0.78,0,0,0,0,4.32,4.56,4.59,0.00,VMS 1,,Tanque,,0.96,1.32,1.08,1.20,2.79,2.71,4.22,4.15
16/03/2025 05:35 a. m.,Echada sin ordeñar,08:50,,,,,,,,,,,,,,,,,,,,,VMS 1,,,,,,,,,,,
16/03/2025 10:43 a. m.,Ordeño,08:07,10.95,2,,,,,0,,0.60,0.84,0.72,0.90,0,0,0,0,4.38,4.57,4.59,0.00,VMS 1,,Tanque,,0.96,1.32,1.14,1.44,2.11,2.23,3.31,3.30
16/03/2025 05:09 p. m.,Ordeño,08:12,13.27,3,,,,,0,,0.66,0.72,0.72,0.78,0,0,0,0,4.26,4.48,4.59,0.00,VMS 1,,Tanque,,1.08,1.20,1.14,1.20,2.54,2.63,4.05,4.05
16/03/2025 10:40 p. m.,Ordeño,07:11,10.94,4,,TD,,,0,,0.60,0.72,0.72,0.78,0,0,0,0,4.48,4.49,4.51,0.00,VMS 1,,Tanque,,1.02,1.20,1.14,1.20,2.16,2.15,3.37,3.26
17/03/2025 06:01 a. m.,Ordeño,08:28,17.22,1,,TD,,,0,,0.78,0.84,0.90,0.90,0,0,0,0,4.46,4.55,4.66,0.00,VMS 1,,Tanque,,1.14,1.26,1.38,1.26,3.34,3.42,5.10,5.36
17/03/2025 01:41 p. m.,Ordeño,12:01,15.04,2,,,,,0,,0.72,0.96,0.54,0.96,0,343,0,0,4.31,4.49,4.53,0.00,VMS 1,,Tanque,,1.08,1.56,1.26,1.44,3.04,3.19,4.26,4.55
17/03/2025 06:51 p. m.,Ordeño,08:21,10.70,3,,,,,0,,0.66,0.72,0.66,0.90,0,0,0,0,4.20,4.36,4.44,0.00,VMS 1,,Tanque,,1.14,1.20,1.32,1.56,2.09,2.12,3.10,3.39
18/03/2025 12:41 a. m.,Ordeño,08:41,11.80,1,,,,,0,,0.66,0.72,0.54,0.84,0,0,0,0,4.34,4.44,4.29,0.00,VMS 1,,Tanque,,1.08,1.14,0.90,1.20,2.49,2.33,3.46,3.52
18/03/2025 07:47 a. m.,Ordeño,08:46,15.40,2,,,,,0,,0.72,0.90,0.72,0.90,0,0,0,0,4.48,4.57,4.69,0.00,VMS 1,,Tanque,,1.14,1.26,1.14,1.44,3.15,3.07,4.40,4.78
18/03/2025 03:14 p. m.,Ordeño,08:28,14.17,3,,,,,0,,0.72,0.96,0.72,0.84,0,0,0,0,4.34,4.51,4.55,0.00,VMS 1,,Tanque,,1.14,1.50,1.14,1.38,2.93,2.98,4.10,4.16
18/03/2025 10:59 p. m.,Ordeño,08:41,14.73,4,,,,,0,,0.72,0.84,0.72,0.90,0,0,0,0,4.22,4.37,4.40,0.00,VMS 1,,Tanque,,1.08,1.32,1.08,1.26,2.92,2.89,4.28,4.64
19/03/2025 10:45 a. m.,Ordeño,12:17,23.27,1,,TI,,,0,,0.72,1.02,0.78,1.02,0,0,0,0,4.49,4.78,4.68,0.00,VMS 1,,Tanque,,1.14,1.50,1.50,1.50,4.74,4.33,7.21,6.99
19/03/2025 04:55 p. m.,Ordeño,08:06,13.36,2,,,,,0,,0.78,0.90,0.78,0.90,0,0,0,0,4.08,4.24,4.21,0.00,VMS 1,,Tanque,,1.14,1.38,1.26,1.38,2.55,2.66,4.19,3.96
19/03/2025 10:16 p. m.,Ordeño,06:44,8.63,3,,,,,0,,0.60,0.72,0.84,0.66,0,0,0,0,3.96,4.09,0.00,4.14,VMS 1,,Tanque,,1.08,1.14,1.20,1.14,1.72,1.73,2.60,2.58
20/03/2025 03:04 a. m.,Ordeño,06:38,9.53,1,,,,,0,,0.60,0.54,0.78,0.72,0,0,0,0,4.22,4.25,4.39,0.00,VMS 1,,Tanque,,1.08,0.90,1.26,1.08,1.93,1.73,3.01,2.86
20/03/2025 09:30 a. m.,Ordeño,08:00,14.31,2,,,,,0,,0.66,0.84,0.84,0.84,0,0,0,0,4.35,4.50,4.49,0.00,VMS 1,,Tanque,,1.08,1.38,1.38,1.20,2.85,2.84,4.36,4.26
20/03/2025 05:08 p. m.,Ordeño,08:54,16.44,3,,,,,0,,0.66,1.02,0.84,0.90,0,0,0,0,4.33,4.55,4.58,0.00,VMS 1,,Tanque,,1.02,1.50,1.26,1.38,3.22,3.17,4.99,5.06
20/03/2025 11:28 p. m.,Ordeño,08:40,14.45,4,,,,,0,,0.72,0.78,0.78,0.96,0,0,0,0,4.07,4.28,4.32,0.00,VMS 1,,Tanque,,1.26,1.32,1.32,1.26,2.90,2.84,4.53,4.18
21/03/2025 05:10 a. m.,Ordeño,07:43,12.31,1,,,,,0,,0.72,0.78,0.78,0.90,0,0,0,0,4.46,4.49,4.65,0.00,VMS 1,,Tanque,,1.08,1.38,1.14,1.32,2.35,2.43,3.82,3.71
21/03/2025 03:04 p. m.,Ordeño,10:38,20.47,2,,,,,0,,0.78,1.02,0.78,0.96,0,0,0,0,4.45,4.61,4.67,0.00,VMS 1,,Tanque,,1.14,1.50,1.38,1.44,4.07,4.07,6.20,6.13
21/03/2025 10:25 p. m.,Ordeño,09:06,13.79,3,,TD,,,0,,0.78,0.84,0.84,0.90,0,0,0,0,4.31,4.36,4.33,0.00,VMS 1,,Tanque,,1.20,1.38,1.20,1.74,2.61,2.80,4.58,3.80
22/03/2025 05:19 a. m.,Ordeño,10:09,16.91,1,,,,,0,,0.66,0.90,0.72,0.90,0,0,0,0,4.49,4.36,4.49,0.00,VMS 1,,Tanque,,1.14,1.44,1.20,1.38,3.27,3.15,5.02,5.47
22/03/2025 02:28 p. m.,Ordeño,10:04,19.17,2,,TD,,,0,,0.78,1.02,0.84,0.96,0,0,0,0,4.29,4.42,4.55,0.00,VMS 1,,Tanque,,1.20,1.44,1.26,1.32,3.72,3.96,5.87,5.62
22/03/2025 10:37 p. m.,Ordeño,09:21,16.47,3,,,,,0,,0.66,0.96,0.78,0.90,0,0,0,0,4.17,4.50,4.46,0.00,VMS 1,,Tanque,,1.14,1.56,1.38,1.38,3.27,3.23,5.22,4.75
23/03/2025 03:43 a. m.,Ordeño,07:12,11.25,1,,,,,0,,0.72,0.84,0.72,0.90,0,0,0,0,4.25,4.42,4.60,0.00,VMS 1,,Tanque,,1.14,1.26,1.26,1.26,2.11,2.23,3.40,3.51
23/03/2025 08:54 a. m.,Ordeño,08:10,11.91,2,,TI,,,0,,0.78,0.78,0.78,0.96,0,0,0,0,4.53,4.56,4.71,0.00,VMS 1,,Tanque,,1.14,1.20,1.44,1.32,2.37,2.41,3.48,3.65
23/03/2025 02:59 p. m.,Ordeño,07:48,13.33,3,,,,,0,,0.84,0.78,0.96,0.84,0,0,0,0,4.40,4.48,0.00,4.58,VMS 1,,Tanque,,1.26,1.26,1.32,1.20,2.56,2.46,3.96,4.35
23/03/2025 11:36 p. m.,Ordeño,09:51,16.59,4,,,,,0,,0.72,0.72,0.72,0.96,0,0,0,0,4.41,4.55,4.57,0.00,VMS 1,,Tanque,,1.20,1.26,1.38,1.26,3.23,3.27,5.24,4.85
24/03/2025 08:04 a. m.,Ordeño,10:52,19.26,1,,TD,,,0,,0.78,0.84,0.84,0.96,0,0,0,0,4.46,4.55,4.58,0.00,VMS 1,,Tanque,,1.20,1.32,1.32,1.26,3.86,3.75,5.96,5.69
24/03/2025 04:10 p. m.,Ordeño,09:26,15.78,2,,,,,0,,0.72,0.90,0.78,0.84,0,0,0,0,4.32,4.62,4.60,0.00,VMS 1,,Tanque,,1.08,1.38,1.32,1.26,3.09,3.03,5.11,4.55
25/03/2025 01:14 a. m.,Ordeño,10:16,19.78,1,,,,,0,,0.84,0.84,0.84,0.96,0,0,0,0,4.48,4.60,4.59,0.00,VMS 1,,Tanque,,1.26,1.32,1.26,1.56,3.90,3.80,6.18,5.90
25/03/2025 09:55 a. m.,Ordeño,09:29,18.97,2,,,,,0,,0.78,0.96,0.90,0.96,0,0,0,0,4.48,4.78,4.61,0.00,VMS 1,,Tanque,,1.26,1.50,1.32,1.50,3.89,3.70,5.99,5.39
25/03/2025 05:06 p. m.,Ordeño,08:01,14.81,3,,,,,0,,0.72,0.90,0.78,0.96,0,0,0,0,4.35,4.59,0.00,4.59,VMS 1,,Tanque,,1.14,1.38,1.26,1.38,2.94,2.90,4.23,4.74
25/03/2025 11:19 p. m.,Ordeño,07:39,11.04,4,,,,,0,,0.72,0.72,0.72,0.84,0,0,0,0,4.22,4.31,4.40,0.00,VMS 1,,Tanque,,1.08,1.38,1.20,1.26,2.24,2.11,3.29,3.40
26/03/2025 06:26 a. m.,Ordeño,08:36,15.58,1,,,,,0,,0.78,0.84,0.84,0.96,0,0,0,0,4.82,4.92,4.86,0.00,VMS 1,,Tanque,,1.20,1.38,1.26,1.32,2.92,3.25,4.77,4.64
26/03/2025 11:59 a. m.,Ordeño,07:36,10.59,2,,TD,,,0,,0.72,0.84,0.78,0.90,0,0,0,0,4.35,4.50,4.55,0.00,VMS 1,,Tanque,,1.14,1.32,1.56,1.62,2.20,2.14,3.43,2.82
26/03/2025 05:46 p. m.,Ordeño,07:29,12.20,3,,,,,0,,0.72,0.72,0.78,0.96,0,0,0,0,4.46,4.65,4.76,0.00,VMS 1,,Tanque,,1.14,1.20,1.14,1.44,2.21,2.26,3.62,4.11
27/03/2025 02:34 a. m.,Ordeño,09:52,17.33,1,,,,,0,,0.78,0.90,0.72,0.90,0,0,0,0,4.65,4.69,4.73,0.00,VMS 1,,Tanque,,1.26,1.44,1.14,1.26,3.62,3.39,5.18,5.14
27/03/2025 07:57 a. m.,Ordeño,07:04,11.78,2,,,,,0,,0.72,0.78,0.78,0.84,0,0,0,0,4.52,4.68,4.80,0.00,VMS 1,,Tanque,,1.26,1.20,1.14,1.20,2.46,2.29,3.62,3.41
27/03/2025 03:21 p. m.,Ordeño,08:42,15.18,3,,,,,0,,0.78,0.84,0.78,0.90,0,0,0,0,4.50,4.69,4.74,0.00,VMS 1,,Tanque,,1.14,1.38,1.26,1.26,2.98,3.01,4.67,4.52
28/03/2025 01:57 a. m.,Ordeño,10:54,19.65,1,,,,,0,,0.78,0.84,0.78,0.96,0,0,0,0,4.63,4.71,4.67,0.00,VMS 1,,Tanque,,1.14,1.26,1.08,1.38,3.92,3.75,5.97,6.01
28/03/2025 09:26 a. m.,Ordeño,09:36,16.27,2,,,,,0,,0.72,0.90,0.72,0.96,0,0,0,0,4.30,4.56,4.60,0.00,VMS 1,,Tanque,,1.14,1.74,1.14,1.50,3.25,3.29,4.78,4.95
28/03/2025 03:16 p. m.,Ordeño,07:43,12.08,3,,,,,0,,0.66,0.84,0.72,0.84,0,0,0,0,4.31,4.56,4.53,0.00,VMS 1,,Tanque,,0.96,1.38,1.14,1.26,2.46,2.35,3.73,3.54
28/03/2025 10:54 p. m.,Ordeño,08:52,15.03,4,,TI,,,0,,0.72,0.78,0.72,0.90,0,0,0,0,4.52,4.70,4.72,0.00,VMS 1,,Tanque,,1.14,1.20,1.26,1.26,2.99,3.08,4.44,4.52
29/03/2025 06:58 a. m.,Ordeño,10:08,18.55,1,,,,,0,,0.78,0.84,0.78,0.96,0,0,0,0,4.53,4.69,4.72,0.00,VMS 1,,Tanque,,1.14,1.26,1.26,1.32,3.72,3.68,5.77,5.38
29/03/2025 02:05 p. m.,Ordeño,09:21,14.99,2,,,,,0,,0.60,0.84,0.66,0.96,0,0,0,0,4.39,4.64,4.64,0.00,VMS 1,,Tanque,,1.14,1.38,1.02,1.32,3.08,2.95,4.44,4.52
29/03/2025 09:19 p. m.,Ordeño,08:32,13.43,3,,,,,0,,0.66,0.72,0.72,0.90,0,0,0,0,4.19,4.45,4.43,0.00,VMS 1,,Tanque,,1.02,1.20,1.26,1.26,2.64,2.62,4.05,4.12
30/03/2025 04:59 a. m.,Ordeño,09:33,10.55,1,,,TD,TD,0,,0.66,0.84,0.78,0.00,0,0,0,0,4.45,4.44,4.58,0.00,VMS 1,,Tanque,,1.02,1.20,1.14,0.00,2.72,3.10,4.73,0.00
30/03/2025 12:12 p. m.,Ordeño,10:59,19.27,2,,TD,,,0,,0.72,0.90,0.72,0.96,0,0,0,0,4.11,4.43,4.46,0.00,VMS 1,,Tanque,,1.20,1.38,1.14,1.50,3.26,3.15,4.62,8.24
30/03/2025 06:50 p. m.,Ordeño,08:21,11.86,3,,,,,0,,0.66,0.78,0.66,0.90,0,0,0,0,4.10,4.44,4.45,0.00,VMS 1,,Tanque,,1.02,1.32,1.08,1.32,2.30,2.23,3.53,3.80
31/03/2025 03:03 a. m.,Ordeño,10:30,17.26,1,,,,,0,,0.66,0.90,0.72,0.90,0,0,0,0,4.52,4.56,4.72,0.00,VMS 1,,Tanque,,1.08,1.32,1.20,1.32,3.49,3.58,5.23,4.96
31/03/2025 08:33 a. m.,Ordeño,08:20,12.80,2,,,,,0,,0.66,0.78,0.72,0.90,0,0,0,0,4.38,4.56,4.66,0.00,VMS 1,,Tanque,,1.14,1.20,1.26,1.26,2.52,2.61,3.92,3.75
31/03/2025 06:07 p. m.,Ordeño,11:18,17.02,3,,,,,0,,0.72,0.84,0.66,0.96,0,0,0,0,4.52,4.70,4.71,0.00,VMS 1,,Tanque,,1.14,1.38,1.14,1.56,3.48,3.40,5.00,5.14
01/04/2025 01:49 a. m.,Ordeño,10:00,16.76,1,,,,,0,,0.72,0.90,0.78,0.96,0,0,0,0,4.39,4.55,4.59,0.00,VMS 1,,Tanque,,1.02,1.32,1.14,1.32,3.28,3.48,5.19,4.81
01/04/2025 07:49 a. m.,Ordeño,08:54,13.75,2,,,,,0,,0.66,0.72,0.66,0.84,0,0,0,0,4.53,4.64,4.70,0.00,VMS 1,,Tanque,,1.02,1.20,1.02,1.20,2.85,2.74,4.14,4.02
01/04/2025 07:28 p. m.,Ordeño,12:13,22.24,3,,,,,0,,0.66,0.90,0.72,0.96,0,0,0,0,4.73,4.85,4.83,0.00,VMS 1,,Tanque,,1.20,1.44,1.14,1.38,4.45,4.50,6.69,6.60
02/04/2025 05:35 a. m.,Ordeño,12:07,22.57,1,,,,,0,,0.78,0.96,0.72,1.02,0,0,0,0,4.60,4.71,4.70,0.00,VMS 1,,Tanque,,1.32,1.50,1.32,1.38,4.45,4.48,6.71,6.93
02/04/2025 11:35 a. m.,Ordeño,07:59,13.88,2,,TI,,,0,,0.78,0.84,0.78,0.96,0,0,0,0,4.34,4.53,4.46,0.00,VMS 1,,Tanque,,1.38,1.26,1.32,1.44,2.77,2.96,3.83,4.32
02/04/2025 10:39 p. m.,Ordeño,12:49,13.20,3,,,TD,TD,0,,0.72,0.84,0.72,0.00,0,0,0,0,4.56,4.63,4.61,0.00,VMS 1,,Tanque,,1.14,1.44,1.14,0.00,3.66,3.87,5.67,0.00
03/04/2025 03:41 a. m.,Ordeño,13:35,15.50,1,,TI,,,0,,0.66,0.72,0.78,0.90,0,0,0,0,4.45,4.48,4.53,0.00,VMS 1,,Tanque,,1.14,1.14,1.38,1.50,2.24,2.24,3.20,7.82
03/04/2025 04:56 p. m.,Ordeño,12:20,25.90,2,,,,,0,,0.84,1.02,0.84,0.96,0,0,0,0,4.99,5.20,5.15,0.00,VMS 1,,Tanque,,1.32,1.56,1.38,1.44,4.99,5.21,8.09,7.61
04/04/2025 02:05 a. m.,Ordeño,09:40,17.56,1,,TD,,,0,,0.78,0.72,0.78,0.90,0,0,0,0,4.33,4.38,4.35,0.00,VMS 1,,Tanque,,1.20,1.14,1.20,1.38,3.55,3.60,5.61,4.80
04/04/2025 07:45 a. m.,Ordeño,06:20,12.18,2,,,,,0,,0.72,0.72,0.78,0.90,0,0,0,0,4.20,4.36,4.50,0.00,VMS 1,,Tanque,,1.14,1.38,1.20,1.32,2.61,2.55,3.41,3.61
04/04/2025 05:12 p. m.,Ordeño,10:01,19.15,3,,,,,0,,0.78,0.96,0.84,1.02,0,0,0,0,4.93,4.98,5.02,0.00,VMS 1,,Tanque,,1.26,1.56,1.26,1.50,3.73,3.89,5.91,5.62
04/04/2025 10:17 p. m.,Ordeño,07:15,9.11,4,,,,,0,,0.66,0.60,0.66,0.84,0,0,0,0,4.28,4.53,4.46,0.00,VMS 1,,Tanque,,1.02,1.02,1.02,1.20,1.89,1.79,2.82,2.61
05/04/2025 05:03 a. m.,Ordeño,08:55,12.86,1,,,,,0,,0.60,0.78,0.72,0.96,0,483,0,0,4.48,4.73,4.80,0.00,VMS 1,,Tanque,,0.96,1.32,1.14,1.26,2.71,2.75,3.27,4.13
05/04/2025 11:32 a. m.,Ordeño,09:38,14.30,2,,,,,0,,0.66,0.84,0.78,0.96,0,0,0,0,4.47,4.80,4.87,0.00,VMS 1,,Tanque,,1.02,1.26,1.20,1.26,2.70,2.67,5.01,3.92
05/04/2025 04:32 p. m.,Ordeño,07:20,9.99,3,,,,,0,,0.60,0.54,0.72,0.90,0,0,0,0,4.54,4.80,4.80,0.00,VMS 1,,Tanque,,1.02,0.84,1.20,1.38,2.02,1.78,3.23,2.96
05/04/2025 09:30 p. m.,Ordeño,06:24,9.83,4,,,,,0,,0.60,0.78,0.72,0.84,0,0,0,0,4.48,4.78,4.67,0.00,VMS 1,,Tanque,,0.96,1.32,1.32,1.32,1.90,2.01,2.84,3.08
06/04/2025 09:16 a. m.,Ordeño,11:20,23.21,1,,,,,0,,0.84,1.02,0.84,1.02,0,0,0,0,4.82,5.03,4.96,0.00,VMS 1,,Tanque,,1.20,1.50,1.38,1.44,4.60,4.59,7.01,7.01
06/04/2025 05:38 p. m.,Ordeño,09:57,15.76,2,,TD,,,0,,0.66,0.72,0.72,0.84,0,0,0,0,4.45,4.65,4.64,0.00,VMS 1,,Tanque,,0.96,1.14,1.44,1.32,2.88,3.09,4.99,4.80
06/04/2025 11:19 p. m.,Ordeño,07:44,11.88,3,,,,,0,,0.66,0.84,0.78,0.90,0,0,0,0,4.56,4.92,4.73,0.00,VMS 1,,Tanque,,1.14,1.32,1.20,1.56,2.25,2.08,3.79,3.76
07/04/2025 08:43 a. m.,Ordeño,09:38,18.96,1,,,,,0,,0.72,0.96,0.84,1.02,0,0,0,0,4.88,5.28,5.05,0.00,VMS 1,,Tanque,,1.02,1.44,1.32,1.38,4.05,3.96,5.78,5.17
07/04/2025 01:57 p. m.,Ordeño,06:17,11.38,2,,,,,0,,0.72,0.78,0.84,0.96,0,0,0,0,4.40,4.82,4.71,0.00,VMS 1,,Tanque,,1.14,1.26,1.20,1.38,2.29,2.10,3.35,3.64
07/04/2025 08:04 p. m.,Ordeño,08:12,12.00,3,,,,,0,,0.54,0.60,0.72,0.84,0,0,0,0,4.14,4.64,4.62,0.00,VMS 1,,Tanque,,0.90,1.02,1.08,1.38,2.48,2.16,3.74,3.62
08/04/2025 05:26 a. m.,Ordeño,09:17,18.69,1,,,,,0,,0.84,0.84,0.84,0.84,0,0,0,0,4.55,4.91,4.74,0.00,VMS 1,,Tanque,,1.26,1.38,1.26,1.50,3.75,3.58,5.74,5.62
08/04/2025 12:57 p. m.,Ordeño,09:38,16.02,2,,,,,0,,0.72,0.78,0.78,0.90,0,0,0,0,4.28,4.65,4.53,0.00,VMS 1,,Tanque,,1.14,1.26,1.20,1.32,3.26,3.07,4.78,4.91
08/04/2025 07:57 p. m.,Ordeño,07:59,12.86,3,,,,,0,,0.60,0.78,0.78,0.90,0,408,0,0,4.23,4.58,4.39,0.00,VMS 1,,Tanque,,1.02,1.20,1.26,1.32,2.42,2.33,3.99,4.12
09/04/2025 01:36 a. m.,Ordeño,08:22,12.06,1,,,,,0,,0.72,0.72,0.72,0.90,0,0,0,0,4.58,4.72,4.64,0.00,VMS 1,,Tanque,,1.26,1.20,1.32,1.32,2.47,2.31,3.79,3.49
09/04/2025 07:38 a. m.,Ordeño,07:49,12.39,2,,,,,0,,0.72,0.66,0.72,0.90,0,0,0,0,4.43,4.78,4.65,0.00,VMS 1,,Tanque,,1.14,1.14,1.14,1.32,2.61,2.30,3.79,3.69
09/04/2025 02:11 p. m.,Ordeño,07:40,12.85,3,,,,,0,,0.78,0.84,0.78,0.96,0,0,0,0,4.58,5.03,4.80,0.00,VMS 1,,Tanque,,1.38,1.26,1.32,1.44,2.41,2.49,3.99,3.96
09/04/2025 09:36 p. m.,Ordeño,08:29,14.07,4,,,,,0,,0.72,0.84,0.78,0.90,0,0,0,0,4.45,4.77,4.59,0.00,VMS 1,,Tanque,,1.02,1.26,1.14,1.32,3.01,2.61,4.34,4.11
10/04/2025 06:52 a. m.,Ordeño,10:14,19.93,1,,,,,0,,0.78,0.90,0.84,0.90,0,0,0,0,4.59,4.97,4.72,0.00,VMS 1,,Tanque,,1.20,1.26,1.26,1.32,3.94,3.80,6.01,6.18
10/04/2025 12:28 p. m.,Ordeño,08:17,11.61,2,,,,,0,,0.72,0.84,0.66,0.78,0,317,0,0,4.36,4.77,4.33,0.00,VMS 1,,Tanque,,1.08,1.38,1.02,1.20,2.32,2.27,3.70,3.32
10/04/2025 06:36 p. m.,Ordeño,07:42,11.70,3,,,,,0,,0.66,0.90,0.72,0.90,0,302,0,0,4.29,4.82,4.55,0.00,VMS 1,,Tanque,,1.08,1.32,1.14,1.26,2.34,2.34,3.57,3.45
11/04/2025 01:19 a. m.,Ordeño,08:59,12.97,1,,TI,,,0,,0.60,0.72,0.84,0.72,0,305,0,0,4.43,4.68,0.00,4.70,VMS 1,,Tanque,,0.96,1.26,1.20,1.14,2.72,2.75,3.42,4.08
11/04/2025 11:55 a. m.,Ordeño,09:47,22.59,2,,,,,0,,0.78,1.14,0.96,1.14,0,0,0,0,4.77,5.21,4.89,0.00,VMS 1,,Tanque,,1.20,1.62,1.38,1.44,4.43,4.23,6.83,7.10
11/04/2025 06:09 p. m.,Ordeño,06:47,12.02,3,,,,,0,,0.78,0.96,0.84,1.02,0,0,0,0,4.38,4.75,4.47,0.00,VMS 1,,Tanque,,1.14,1.38,1.26,1.38,2.24,2.44,3.61,3.73
12/04/2025 01:43 a. m.,Ordeño,08:29,14.34,1,,,,,0,,0.60,0.78,0.78,0.78,0,0,0,0,4.44,4.61,4.61,0.00,VMS 1,,Tanque,,1.02,1.32,1.14,1.20,2.85,2.86,4.44,4.19
12/04/2025 07:02 a. m.,Ordeño,07:00,11.40,2,,,,,0,,0.72,0.84,0.78,0.96,0,0,0,0,4.44,4.62,4.61,0.00,VMS 1,,Tanque,,1.14,1.32,1.20,1.26,2.23,2.28,3.52,3.37
12/04/2025 03:02 p. m.,Ordeño,12:02,11.59,3,,TD,TD,,0,,0.60,0.72,0.84,0.48,0,0,0,0,4.36,4.71,4.33,0.00,VMS 1,,Tanque,,0.96,1.14,1.26,0.96,3.04,2.83,4.60,1.12
12/04/2025 07:19 p. m.,Ordeño,06:27,4.48,4,,TD,"TI,TD",TI,0,,0.48,0.42,0.00,0.96,0,0,0,0,4.16,4.36,0.00,0.00,VMS 1,,Tanque,,0.78,0.66,0.00,1.62,1.36,1.53,0.00,1.59
13/04/2025 03:37 a. m.,Ordeño,09:48,20.20,1,,,,,0,,0.66,0.84,0.96,1.14,0,0,0,0,4.43,4.57,4.80,0.00,VMS 1,,Tanque,,1.08,1.32,1.38,1.56,3.00,3.07,6.64,7.49
13/04/2025 11:07 a. m.,Ordeño,08:24,14.34,2,,,,,0,,0.72,0.90,0.84,1.08,0,0,0,0,4.32,4.63,4.38,0.00,VMS 1,,Tanque,,1.20,1.38,1.26,1.68,2.99,2.83,4.51,4.01
13/04/2025 06:10 p. m.,Ordeño,07:28,12.02,3,,,,,0,,0.72,0.78,0.78,0.96,0,0,0,0,4.39,4.48,4.45,0.00,VMS 1,,Tanque,,1.08,1.26,1.20,1.38,2.45,2.35,3.72,3.50
14/04/2025 03:30 a. m.,Ordeño,08:59,17.69,1,,TD,,,0,,0.78,0.84,0.96,0.96,0,0,0,0,4.78,4.98,4.71,0.00,VMS 1,,Tanque,,1.38,1.26,1.44,1.38,3.53,3.59,5.65,4.92
14/04/2025 12:24 p. m.,Ordeño,09:51,17.42,2,,DI,,,0,,0.78,0.96,0.78,0.78,0,0,0,0,4.48,4.83,4.49,0.00,VMS 1,,Tanque,,1.20,1.38,1.14,1.26,3.28,3.57,5.40,5.17
14/04/2025 06:57 p. m.,Ordeño,09:42,10.46,3,,TD,,,0,,0.72,0.72,0.72,0.84,0,0,0,0,4.40,4.48,4.38,0.00,VMS 1,,Tanque,,1.14,1.14,1.14,1.20,2.27,2.01,3.21,2.97
15/04/2025 12:47 a. m.,Ordeño,07:23,10.67,1,,,,,0,,0.66,0.48,0.78,0.90,0,0,0,0,4.41,4.61,4.58,0.00,VMS 1,,Tanque,,1.14,0.84,1.14,1.38,2.18,1.84,3.54,3.11
15/04/2025 11:12 a. m.,Ordeño,09:50,19.78,2,,,,,0,,0.90,1.02,0.90,1.02,0,0,0,0,4.80,5.16,4.84,0.00,VMS 1,,Tanque,,1.32,1.56,1.32,1.44,3.92,4.17,6.08,5.61
15/04/2025 07:13 p. m.,Ordeño,10:04,16.15,3,,,,,0,,0.84,0.96,0.78,0.60,0,0,0,0,4.52,4.77,4.65,0.00,VMS 1,,Tanque,,1.38,1.38,1.26,0.90,3.25,3.23,4.95,4.72
16/04/2025 03:31 a. m.,Ordeño,08:06,17.01,1,,,,,0,,0.78,0.96,1.02,1.02,0,0,0,0,4.53,4.78,4.68,0.00,VMS 1,,Tanque,,1.20,1.62,1.44,1.50,3.43,3.51,5.36,4.71
16/04/2025 10:12 a. m.,Ordeño,07:35,13.71,2,,,,,0,,0.78,0.84,0.84,0.96,0,0,0,0,4.60,4.78,4.69,0.00,VMS 1,,Tanque,,1.26,1.44,1.32,1.32,2.69,2.65,4.24,4.13
16/04/2025 04:57 p. m.,Ordeño,07:25,14.03,3,,,,,0,,0.78,0.90,0.90,0.96,0,0,0,0,4.73,4.77,4.84,0.00,VMS 1,,Tanque,,1.44,1.38,1.32,1.32,2.79,2.79,4.31,4.14
17/04/2025 02:51 a. m.,Ordeño,09:42,19.77,1,,,,,0,,0.84,0.96,0.90,1.02,0,0,0,0,4.81,4.84,4.82,0.00,VMS 1,,Tanque,,1.20,1.50,1.38,1.44,3.94,3.89,6.19,5.75
17/04/2025 11:42 a. m.,Ordeño,09:43,18.25,2,,,,,0,,0.78,1.02,0.84,0.96,0,0,0,0,4.43,4.78,4.65,0.00,VMS 1,,Tanque,,1.14,1.44,1.44,1.38,3.67,3.60,5.62,5.36
17/04/2025 10:12 p. m.,Ordeño,10:35,20.41,3,,TD,,,0,,0.78,0.96,0.90,0.90,0,0,0,0,4.51,4.71,4.66,0.00,VMS 1,,Tanque,,1.08,1.38,1.38,1.68,4.06,4.23,6.53,5.59
18/04/2025 03:41 a. m.,Ordeño,07:42,12.98,1,,DI,,,0,,0.72,0.84,0.78,0.96,0,0,0,0,4.30,4.50,4.53,0.00,VMS 1,,Tanque,,1.08,1.32,1.20,1.32,2.39,2.46,3.80,4.33
18/04/2025 10:31 a. m.,Ordeño,08:33,14.02,2,,,,,0,,0.72,0.78,0.78,0.90,0,0,0,0,4.49,4.77,4.68,0.00,VMS 1,,Tanque,,1.14,1.38,1.20,1.26,2.84,2.70,4.39,4.09
18/04/2025 07:24 p. m.,Ordeño,08:49,16.76,3,,TI,,,0,,0.72,0.96,0.84,0.96,0,0,0,0,4.51,5.22,4.68,0.00,VMS 1,,Tanque,,1.02,1.44,1.32,1.32,3.30,3.21,5.28,4.97
19/04/2025 04:08 a. m.,Ordeño,09:26,18.39,1,,,,,0,,0.78,0.96,0.84,0.90,0,0,0,0,4.58,4.58,4.71,0.00,VMS 1,,Tanque,,1.20,1.50,1.26,1.32,3.72,3.72,5.53,5.42
19/04/2025 11:20 a. m.,Ordeño,09:09,16.09,2,,,,,0,,0.72,0.90,0.78,1.02,0,0,0,0,4.44,4.68,4.55,0.00,VMS 1,,Tanque,,1.08,1.38,1.32,1.38,3.18,3.30,5.04,4.57
19/04/2025 06:56 p. m.,Ordeño,08:27,14.70,3,,,,,0,,0.78,0.90,0.78,0.90,0,0,0,0,4.43,4.48,4.49,0.00,VMS 1,,Tanque,,1.14,1.32,1.20,1.26,2.84,2.89,4.53,4.44
20/04/2025 02:18 a. m.,Ordeño,08:21,14.87,1,,,,,0,,0.72,0.90,0.78,0.96,0,0,0,0,4.43,4.77,4.74,0.00,VMS 1,,Tanque,,1.56,1.32,1.20,1.26,2.96,2.96,4.56,4.39
20/04/2025 11:29 a. m.,Ordeño,10:41,17.77,2,,TD,,,0,,0.78,0.96,0.90,0.96,0,0,0,0,4.57,4.75,4.61,0.00,VMS 1,,Tanque,,1.14,1.56,1.62,1.38,3.76,3.70,5.69,4.62
20/04/2025 06:50 p. m.,Ordeño,11:32,15.02,3,,TD,,,0,,0.66,0.90,0.78,0.84,0,0,0,0,4.43,4.56,4.61,0.00,VMS 1,,Tanque,,1.26,1.44,1.26,1.44,2.79,2.72,4.43,5.08
21/04/2025 12:43 a. m.,Ordeño,07:19,11.25,1,,,,,0,,0.60,0.60,0.84,0.78,0,0,0,0,4.44,4.62,0.00,4.61,VMS 1,,Tanque,,0.96,1.02,1.20,1.14,2.20,2.22,3.27,3.56
21/04/2025 06:14 a. m.,Ordeño,07:34,12.11,2,,,,,0,,0.66,0.78,0.78,0.84,0,0,0,0,4.57,4.75,4.75,0.00,VMS 1,,Tanque,,1.14,1.26,1.14,1.20,2.33,2.40,3.67,3.71
21/04/2025 02:32 p. m.,Ordeño,10:30,15.85,3,,TD,,,0,,0.66,0.96,0.72,0.84,0,0,0,0,4.56,4.90,4.81,0.00,VMS 1,,Tanque,,1.14,1.44,1.32,1.32,3.73,3.54,5.36,3.22
22/04/2025 12:45 a. m.,Ordeño,11:12,21.46,1,,TD,,,0,,0.66,0.90,0.78,0.90,0,0,0,0,4.51,4.66,4.56,0.00,VMS 1,,Tanque,,0.96,1.38,1.32,1.32,3.98,3.94,6.15,7.39
22/04/2025 09:11 a. m.,Ordeño,09:31,16.54,2,,,,,0,,0.66,0.96,0.72,0.78,0,0,0,0,4.38,4.49,4.52,0.00,VMS 1,,Tanque,,1.32,1.44,1.26,1.20,3.34,3.42,4.97,4.81
22/04/2025 06:14 p. m.,Ordeño,10:01,16.45,3,,,,,0,,0.66,0.72,0.72,0.84,0,0,0,0,4.24,4.49,4.48,0.00,VMS 1,,Tanque,,1.26,1.20,1.26,1.26,3.21,3.20,5.24,4.80
23/04/2025 02:53 a. m.,Ordeño,09:59,16.83,1,,,,,0,,0.72,0.84,0.72,0.90,0,0,0,0,4.49,4.77,4.67,0.00,VMS 1,,Tanque,,1.14,1.38,1.08,1.32,3.47,3.36,5.24,4.76
23/04/2025 12:24 p. m.,Ordeño,10:36,19.41,2,,,,,0,,0.60,1.02,0.84,0.96,0,0,0,0,4.58,4.81,4.75,0.00,VMS 1,,Tanque,,1.02,1.56,1.20,1.44,3.84,3.92,5.99,5.66
23/04/2025 10:53 p. m.,Ordeño,10:55,21.16,3,,,,,0,,0.72,0.90,0.84,0.90,0,0,0,0,4.57,4.78,4.72,0.00,VMS 1,,Tanque,,1.32,1.32,1.20,1.32,4.27,4.15,6.56,6.18
24/04/2025 07:32 a. m.,Ordeño,08:24,18.96,1,,,,,0,,0.78,0.90,1.02,0.96,0,0,0,0,4.41,4.58,4.61,0.00,VMS 1,,Tanque,,1.14,1.56,1.56,1.38,3.63,3.89,5.87,5.57
24/04/2025 02:45 p. m.,Ordeño,07:47,14.77,2,,,,,0,,0.78,0.84,0.90,1.02,0,0,0,0,4.48,4.64,4.62,0.00,VMS 1,,Tanque,,1.32,1.26,1.32,1.44,2.94,2.95,4.49,4.39
25/04/2025 12:01 a. m.,Ordeño,09:51,18.50,1,,,,,0,,0.72,0.84,0.84,0.96,0,0,0,0,4.79,4.77,4.71,0.00,VMS 1,,Tanque,,1.08,1.32,1.20,1.38,3.63,3.71,5.68,5.48
25/04/2025 08:02 a. m.,Ordeño,08:28,15.88,2,,,,,0,,0.78,0.90,0.84,0.96,0,0,0,0,4.51,4.66,4.64,0.00,VMS 1,,Tanque,,1.38,1.38,1.32,1.38,3.14,3.19,4.84,4.71
25/04/2025 04:45 p. m.,Ordeño,09:47,17.12,3,,TD,,,0,,0.78,1.02,0.84,1.02,0,0,0,0,4.63,4.93,4.77,0.00,VMS 1,,Tanque,,1.20,1.44,1.26,1.56,3.65,3.64,5.61,4.22
25/04/2025 11:43 p. m.,Ordeño,08:21,16.45,4,,,,,0,,0.72,0.84,0.84,0.96,0,0,0,0,4.38,4.53,4.43,0.00,VMS 1,,Tanque,,1.32,1.44,1.32,1.32,3.11,3.03,4.77,5.54
26/04/2025 07:30 a. m.,Ordeño,07:59,15.44,1,,,,,0,,0.78,0.84,0.90,1.02,0,0,0,0,4.45,4.47,4.48,0.00,VMS 1,,Tanque,,1.14,1.26,1.26,1.32,3.03,3.02,4.93,4.46
26/04/2025 05:01 p. m.,Ordeño,09:58,19.07,2,,,,,0,,0.72,0.84,0.84,0.96,0,326,0,0,4.49,4.73,4.72,0.00,VMS 1,,Tanque,,1.08,1.32,1.20,1.44,3.84,3.70,5.93,5.60
27/04/2025 01:07 a. m.,Ordeño,07:47,16.54,1,,,,,0,,0.78,0.96,0.96,0.96,0,0,0,0,4.50,4.65,4.59,0.00,VMS 1,,Tanque,,1.14,1.38,1.26,1.38,3.36,3.28,4.99,4.91
27/04/2025 07:17 a. m.,Ordeño,07:50,12.45,2,,,,,0,,0.72,0.72,0.78,0.90,0,0,0,0,4.41,4.40,4.33,0.00,VMS 1,,Tanque,,1.38,1.26,1.20,1.32,2.52,2.39,3.97,3.57
27/04/2025 04:24 p. m.,Ordeño,10:19,17.00,3,,,,,0,,0.60,0.84,0.72,0.90,0,0,0,0,4.42,4.68,4.63,0.00,VMS 1,,Tanque,,0.96,1.50,1.20,1.38,3.35,3.36,5.24,5.05
28/04/2025 01:41 a. m.,Ordeño,09:37,17.49,1,,,,,0,,0.72,0.84,0.84,0.78,0,0,0,0,4.41,4.55,4.51,0.00,VMS 1,,Tanque,,1.08,1.26,1.20,1.26,3.48,3.43,5.56,5.02
28/04/2025 12:20 p. m.,Ordeño,11:18,20.46,2,,,,,0,,0.66,0.96,0.78,0.72,0,0,0,0,4.38,4.68,4.61,0.00,VMS 1,,Tanque,,1.20,1.38,1.38,1.14,4.11,4.03,6.30,6.02
28/04/2025 11:29 p. m.,Ordeño,10:58,20.12,3,,,,,0,,0.66,0.90,0.78,0.90,0,0,0,0,4.19,4.48,4.39,0.00,VMS 1,,Tanque,,0.96,1.56,1.26,1.32,4.09,3.84,6.42,5.77
29/04/2025 09:56 a. m.,Ordeño,11:01,21.25,1,,,,,0,,0.66,1.02,0.84,0.96,0,0,0,0,4.38,4.70,4.52,0.00,VMS 1,,Tanque,,1.08,1.44,1.14,1.32,4.26,4.13,6.58,6.28
29/04/2025 04:07 p. m.,Ordeño,08:10,11.60,2,,DI,,,0,,0.72,0.84,0.72,0.60,0,0,0,0,4.39,4.49,4.45,0.00,VMS 1,,Tanque,,1.38,1.32,1.32,0.96,2.06,2.37,3.69,3.48
29/04/2025 11:49 p. m.,Ordeño,09:26,15.49,3,,,,,0,,0.66,0.60,0.78,0.96,0,0,0,0,4.32,4.50,4.51,0.00,VMS 1,,Tanque,,1.20,0.96,1.26,1.32,3.43,3.02,4.77,4.27
30/04/2025 05:53 a. m.,Ordeño,08:14,11.71,1,,,,,0,,0.72,0.78,0.78,0.90,0,0,0,0,4.29,4.38,4.39,0.00,VMS 1,,Tanque,,1.08,1.32,1.32,1.32,2.29,2.21,3.72,3.49
30/04/2025 03:07 p. m.,Ordeño,11:08,18.39,2,,,,,0,,0.84,0.96,0.72,0.96,0,0,0,0,4.80,4.80,4.47,0.00,VMS 1,,Tanque,,1.20,1.50,1.14,1.32,3.61,3.73,5.62,5.43
01/05/2025 03:09 a. m.,Ordeño,11:01,23.20,1,,TI,,,0,,0.78,1.02,0.90,1.02,0,0,0,0,4.46,4.61,4.46,0.00,VMS 1,,Tanque,,1.32,1.50,1.44,1.44,4.72,4.42,7.33,6.73
01/05/2025 09:09 a. m.,Ordeño,07:48,12.34,2,,,,,0,,0.72,0.72,0.78,0.90,0,0,0,0,4.09,4.32,4.19,0.00,VMS 1,,Tanque,,1.08,1.20,1.14,1.26,2.49,2.42,3.86,3.57
01/05/2025 01:57 p. m.,Ordeño,06:30,9.12,3,,TD,,,0,,0.72,0.48,0.78,0.96,0,0,0,0,4.37,4.36,4.47,0.00,VMS 1,,Tanque,,1.26,0.78,1.14,1.38,1.68,1.63,2.90,2.91
02/05/2025 12:21 a. m.,Ordeño,10:55,20.01,1,,,,,0,,0.72,0.96,0.78,0.90,0,0,0,0,4.71,4.96,4.74,0.00,VMS 1,,Tanque,,1.08,1.38,1.38,1.20,4.10,3.90,6.20,5.81
02/05/2025 06:39 a. m.,Ordeño,08:59,14.40,2,,,,,0,,0.66,0.90,0.78,0.90,0,0,0,0,4.36,4.69,4.75,0.00,VMS 1,,Tanque,,1.02,1.62,1.38,1.32,2.82,2.91,4.45,4.22
02/05/2025 02:09 p. m.,Ordeño,09:07,15.87,3,,,,,0,,0.72,0.84,0.78,0.96,0,0,0,0,4.51,4.60,4.62,0.00,VMS 1,,Tanque,,1.32,1.38,1.32,1.38,2.97,3.09,5.12,4.69
02/05/2025 11:42 p. m.,Ordeño,10:16,17.55,4,,,,,0,,0.66,0.78,0.78,0.90,0,0,0,0,4.46,4.67,4.67,0.00,VMS 1,,Tanque,,1.26,1.26,1.26,1.26,3.60,3.39,5.55,5.01
03/05/2025 07:53 a. m.,Ordeño,09:43,16.50,1,,,,,0,,0.78,0.84,0.78,0.90,0,0,0,0,4.61,4.81,4.72,0.00,VMS 1,,Tanque,,1.20,1.38,1.26,1.38,3.36,3.18,5.25,4.71
03/05/2025 02:02 p. m.,Ordeño,07:56,12.88,2,,,,,0,,0.78,0.72,0.84,0.96,0,0,0,0,4.46,4.54,4.67,0.00,VMS 1,,Tanque,,1.26,1.14,1.26,1.50,2.48,2.48,4.04,3.88
04/05/2025 04:15 a. m.,Ordeño,12:23,16.99,1,,,TD,TD,0,,0.84,0.96,0.84,0.00,0,0,0,0,4.55,4.70,4.75,0.00,VMS 1,,Tanque,,1.26,1.44,1.38,0.00,4.87,4.64,7.48,0.00
04/05/2025 06:37 a. m.,Ordeño,10:30,11.31,2,,,TD,,0,,0.54,0.36,0.96,0.60,0,0,0,0,4.09,4.10,0.00,4.21,VMS 1,,Tanque,,0.84,0.72,1.38,0.96,0.85,1.03,7.75,1.68
04/05/2025 12:08 p. m.,Ordeño,07:25,10.29,3,,,,,0,,0.60,0.48,0.66,0.84,0,0,0,0,4.10,4.24,4.32,0.00,VMS 1,,Tanque,,0.96,0.84,1.08,1.14,1.97,1.75,3.15,3.42
04/05/2025 11:36 p. m.,Ordeño,10:08,19.33,4,,TI,,,0,,0.72,0.84,0.78,0.90,0,0,0,0,4.79,4.82,4.66,0.00,VMS 1,,Tanque,,1.08,1.26,1.38,1.44,3.92,4.02,5.95,5.44
05/05/2025 07:40 a. m.,Ordeño,11:04,17.73,1,,,,,0,,0.72,0.72,0.78,0.84,0,0,0,0,4.59,4.63,4.65,0.00,VMS 1,,Tanque,,1.08,1.20,1.32,1.26,3.36,3.47,6.13,4.77
05/05/2025 02:21 p. m.,Ordeño,08:26,14.13,2,,,,,0,,0.72,0.66,0.78,0.90,0,0,0,0,4.58,4.63,4.72,0.00,VMS 1,,Tanque,,1.26,1.02,1.14,1.32,2.84,2.70,4.50,4.09
06/05/2025 12:46 a. m.,Ordeño,10:56,19.65,1,,,,,0,,0.78,0.84,0.78,0.84,0,0,0,0,4.70,4.86,4.84,0.00,VMS 1,,Tanque,,1.56,1.26,1.26,1.20,3.95,3.84,6.25,5.61
06/05/2025 06:34 a. m.,Ordeño,07:54,12.27,2,,TD,,,0,,0.72,0.72,0.78,0.84,0,0,0,0,4.30,4.52,4.51,0.00,VMS 1,,Tanque,,1.44,1.14,1.14,1.26,2.49,2.27,3.93,3.58
06/05/2025 12:09 p. m.,Ordeño,07:01,11.09,3,,,,,0,,0.66,0.66,0.78,0.84,0,0,0,0,4.44,4.65,4.65,0.00,VMS 1,,Tanque,,1.08,1.08,1.14,1.26,2.18,2.22,3.45,3.24
06/05/2025 06:03 p. m.,Ordeño,10:10,11.45,4,,DI,,,0,,0.60,0.60,0.66,0.84,0,323,0,0,4.59,4.56,4.72,0.00,VMS 1,,Tanque,,0.96,0.90,1.08,1.20,2.27,2.14,3.63,3.41
07/05/2025 02:23 a. m.,Ordeño,10:43,15.77,1,,TD,,,0,,0.72,0.90,0.78,0.84,0,0,0,0,4.74,4.76,4.85,0.00,VMS 1,,Tanque,,1.32,1.26,1.14,1.14,3.05,3.19,5.03,4.50
07/05/2025 07:39 a. m.,Ordeño,07:52,11.21,2,,,,,0,,0.66,0.66,0.78,0.84,0,0,0,0,4.47,4.56,4.50,0.00,VMS 1,,Tanque,,1.08,1.08,1.50,1.20,2.27,2.00,3.87,3.07
07/05/2025 02:30 p. m.,Ordeño,09:21,12.65,3,,TD,,,0,,0.60,0.72,0.72,0.54,0,0,0,0,4.25,4.76,4.45,0.00,VMS 1,,Tanque,,0.90,1.20,1.08,0.78,2.14,2.69,4.06,3.76
08/05/2025 03:04 a. m.,Ordeño,11:44,23.37,1,,,,,0,,0.66,0.90,0.84,0.90,0,0,0,0,4.80,4.96,4.85,0.00,VMS 1,,Tanque,,1.14,1.44,1.20,1.26,4.86,4.45,7.36,6.70
08/05/2025 08:29 a. m.,Ordeño,07:28,10.69,2,,,,,0,,0.66,0.48,0.72,0.78,0,0,0,0,4.11,4.18,4.30,0.00,VMS 1,,Tanque,,1.02,0.84,1.26,1.20,2.11,1.86,3.59,3.13
08/05/2025 07:01 p. m.,Ordeño,11:25,19.09,3,,,,,0,,0.66,0.90,0.72,0.90,0,0,0,0,4.46,4.62,4.59,0.00,VMS 1,,Tanque,,1.02,1.44,1.20,1.32,3.54,3.90,6.00,5.65
09/05/2025 01:18 a. m.,Ordeño,07:59,12.24,1,,,,,0,,0.72,0.78,0.78,0.84,0,0,0,0,4.46,4.56,4.51,0.00,VMS 1,,Tanque,,1.14,1.26,1.20,1.14,2.42,2.32,3.96,3.54
09/05/2025 10:41 a. m.,Ordeño,10:09,19.06,2,,TI,,,0,,0.78,0.84,0.78,0.96,0,0,0,0,4.60,4.64,4.69,0.00,VMS 1,,Tanque,,1.14,1.26,1.32,1.44,3.78,3.77,5.83,5.68
09/05/2025 08:01 p. m.,Ordeño,09:51,14.90,3,,,,,0,,0.72,0.66,0.72,0.78,0,0,0,0,4.36,4.44,4.46,0.00,VMS 1,,Tanque,,1.26,1.14,1.14,1.14,2.87,2.82,4.91,4.30
10/05/2025 02:50 a. m.,Ordeño,08:29,14.28,1,,,,,0,,0.72,0.72,0.78,0.90,0,0,0,0,4.38,4.44,4.45,0.00,VMS 1,,Tanque,,1.20,1.14,1.14,1.26,2.80,2.81,4.50,4.17
10/05/2025 09:03 a. m.,Ordeño,07:44,12.23,2,,,,,0,,0.66,0.60,0.78,0.78,0,0,0,0,4.44,4.38,4.58,0.00,VMS 1,,Tanque,,1.08,0.96,1.20,1.08,2.44,2.35,3.90,3.54
10/05/2025 04:59 p. m.,Ordeño,07:58,14.82,3,,,,,0,,0.78,0.78,0.84,0.90,0,0,0,0,4.65,4.77,4.65,0.00,VMS 1,,Tanque,,1.20,1.38,1.38,1.32,2.92,2.85,4.67,4.38
11/05/2025 03:25 a. m.,Ordeño,08:54,18.90,1,,,,,0,,0.84,0.78,0.96,0.90,0,0,0,0,4.61,4.62,4.57,0.00,VMS 1,,Tanque,,1.20,1.32,1.38,1.20,3.91,3.67,5.99,5.33
11/05/2025 09:13 a. m.,Ordeño,07:08,13.46,2,,,,,0,,0.84,0.66,0.90,0.90,0,0,0,0,4.47,4.42,4.44,0.00,VMS 1,,Tanque,,1.26,1.14,1.26,1.20,2.59,2.63,4.27,3.97
11/05/2025 06:49 p. m.,Ordeño,09:01,17.26,3,,,,,0,,0.84,0.72,0.90,0.96,0,0,0,0,4.74,4.75,4.72,0.00,VMS 1,,Tanque,,1.26,1.20,1.26,1.26,3.45,3.15,5.58,5.08
12/05/2025 07:15 a. m.,Ordeño,11:04,23.13,1,,,,,0,,0.84,0.84,0.90,0.90,0,0,0,0,4.81,4.84,4.76,0.00,VMS 1,,Tanque,,1.20,1.26,1.32,1.26,4.61,4.49,7.39,6.64
12/05/2025 12:48 p. m.,Ordeño,07:11,12.13,2,,,,,0,,0.78,0.72,0.84,0.96,0,0,0,0,4.32,4.51,4.44,0.00,VMS 1,,Tanque,,1.14,1.26,1.26,1.32,2.41,2.36,3.94,3.42
12/05/2025 05:54 p. m.,Ordeño,06:35,9.99,3,,,,,0,,0.78,0.66,0.84,0.96,0,0,0,0,4.47,4.65,4.55,0.00,VMS 1,,Tanque,,1.26,1.02,1.32,1.26,1.93,1.69,3.29,3.08
13/05/2025 02:17 a. m.,Ordeño,08:43,16.43,1,,,,,0,,0.84,0.72,0.90,0.90,0,0,0,0,4.75,4.69,4.76,0.00,VMS 1,,Tanque,,1.38,1.20,1.26,1.20,3.31,3.21,5.14,4.77
13/05/2025 11:31 a. m.,Ordeño,09:05,18.26,2,,TD,,,0,,0.84,0.84,0.90,0.84,0,0,0,0,4.60,4.75,0.00,4.72,VMS 1,,Tanque,,1.26,1.38,1.26,1.44,3.75,3.59,5.43,5.49
13/05/2025 06:47 p. m.,Ordeño,08:38,13.51,3,,,,,0,,0.78,0.78,0.84,0.90,0,0,0,0,4.60,4.61,4.66,0.00,VMS 1,,Tanque,,1.20,1.14,1.32,1.26,2.57,2.43,4.73,3.78
14/05/2025 02:15 a. m.,Ordeño,08:45,14.96,1,,,,,0,,0.72,0.72,0.78,0.90,0,0,0,0,4.82,5.32,4.59,0.00,VMS 1,,Tanque,,1.20,1.26,1.14,1.26,2.84,2.91,4.79,4.42
14/05/2025 11:13 a. m.,Ordeño,09:31,12.24,2,,,TD,TD,0,,0.72,0.90,0.78,0.00,0,0,0,0,4.63,4.72,4.66,0.00,VMS 1,,Tanque,,1.26,1.38,1.20,0.00,3.47,3.42,5.35,0.00
14/05/2025 04:21 p. m.,Ordeño,10:23,13.50,3,,,,,0,,0.66,0.60,0.72,0.90,0,0,0,0,4.42,4.49,4.43,0.00,VMS 1,,Tanque,,1.14,0.84,1.14,1.32,1.93,1.83,2.95,6.79
15/05/2025 12:07 a. m.,Ordeño,08:02,14.11,1,,"TI,TD",,,0,,0.72,0.84,0.78,0.72,0,0,0,0,4.61,4.62,4.57,0.00,VMS 1,,Tanque,,1.14,1.26,1.50,1.44,2.74,2.97,4.21,4.19
15/05/2025 09:34 a. m.,Ordeño,13:10,20.05,2,,,,,0,,0.72,0.84,0.90,0.78,0,0,0,0,4.80,4.90,4.90,0.00,VMS 1,,Tanque,,1.38,1.32,1.38,1.50,4.04,3.69,6.77,5.55
15/05/2025 06:15 p. m.,Ordeño,09:37,16.19,3,,,,,0,,0.72,0.72,0.84,0.90,0,0,0,0,4.68,4.76,4.76,0.00,VMS 1,,Tanque,,1.38,1.32,1.68,1.38,3.03,3.27,5.21,4.68
16/05/2025 04:07 a. m.,Ordeño,10:40,19.90,1,,,,,0,,0.78,0.84,0.84,0.84,0,0,0,0,4.80,4.75,4.71,0.00,VMS 1,,Tanque,,1.14,1.32,1.26,1.20,4.06,3.93,6.35,5.56
16/05/2025 10:59 a. m.,Ordeño,08:10,13.77,2,,,,,0,,0.60,0.72,0.78,0.90,0,0,0,0,4.26,4.49,4.45,0.00,VMS 1,,Tanque,,1.32,1.14,1.20,1.32,2.83,2.70,4.23,4.01
16/05/2025 04:59 p. m.,Ordeño,07:28,10.17,3,,,,,0,,0.54,0.60,0.66,0.84,0,0,0,0,4.23,4.50,4.60,0.00,VMS 1,,Tanque,,1.02,0.96,1.08,1.20,2.03,1.95,3.30,2.89
17/05/2025 02:57 a. m.,Ordeño,09:05,17.30,1,,TI,,,0,,0.78,0.78,0.78,0.84,0,0,0,0,4.71,4.78,4.84,0.00,VMS 1,,Tanque,,1.20,1.20,1.50,1.26,3.70,3.54,4.86,5.20
17/05/2025 08:42 a. m.,Ordeño,09:11,12.86,2,,,,,0,,0.66,0.54,0.78,0.84,0,0,0,0,4.59,4.64,4.71,0.00,VMS 1,,Tanque,,0.96,0.96,1.20,1.20,2.39,2.12,4.95,3.40
17/05/2025 03:56 p. m.,Ordeño,11:48,15.57,3,,,,,0,,0.66,0.96,0.54,0.96,0,0,0,0,4.67,5.12,4.82,0.00,VMS 1,,Tanque,,1.02,1.44,1.02,1.32,3.10,3.16,4.75,4.56
18/05/2025 12:42 a. m.,Ordeño,09:44,17.78,1,,,,,0,,0.84,0.78,0.84,0.90,0,0,0,0,4.78,4.78,4.78,0.00,VMS 1,,Tanque,,1.50,1.32,1.32,1.32,3.65,3.35,5.71,5.07
18/05/2025 09:29 a. m.,Ordeño,10:11,17.72,2,,,,,0,,0.72,0.90,0.78,0.90,0,0,0,0,4.53,4.78,4.63,0.00,VMS 1,,Tanque,,1.08,1.44,1.26,1.50,3.37,3.53,5.73,5.09
18/05/2025 07:15 p. m.,Ordeño,10:04,19.06,3,,TI,,,0,,0.72,0.90,0.78,0.96,0,0,0,0,4.61,4.78,4.61,0.00,VMS 1,,Tanque,,1.26,1.38,1.56,1.38,4.03,3.70,5.76,5.57
19/05/2025 02:47 a. m.,Ordeño,08:13,14.20,1,,TI,,,0,,0.66,0.66,0.72,0.90,0,0,0,0,4.48,4.72,4.54,0.00,VMS 1,,Tanque,,1.14,1.08,1.38,1.20,3.09,2.76,4.03,4.32
19/05/2025 08:11 a. m.,Ordeño,09:20,12.47,2,,,,,0,,0.60,0.60,0.72,0.78,0,0,0,0,4.35,4.58,4.53,0.00,VMS 1,,Tanque,,0.90,0.96,1.20,1.14,2.28,2.35,4.54,3.30
19/05/2025 03:01 p. m.,Ordeño,08:26,13.73,3,,,,,0,,0.66,0.84,0.78,0.90,0,0,0,0,4.54,4.71,4.68,0.00,VMS 1,,Tanque,,1.08,1.38,1.14,1.26,2.66,2.68,4.39,4.00
19/05/2025 09:52 p. m.,Ordeño,08:16,12.43,4,,,,,0,,0.72,0.72,0.72,0.84,0,0,0,0,4.49,4.70,4.61,0.00,VMS 1,,Tanque,,1.20,1.14,1.26,1.20,2.36,2.40,3.99,3.68
20/05/2025 07:02 a. m.,Ordeño,09:24,19.10,1,,,,,0,,0.72,0.90,0.90,0.96,0,0,0,0,4.81,4.91,4.88,0.00,VMS 1,,Tanque,,1.38,1.44,1.38,1.38,3.53,3.88,6.08,5.61
20/05/2025 02:10 p. m.,Ordeño,08:19,12.50,2,,,,,0,,0.72,0.60,0.78,0.72,0,0,0,0,4.61,4.63,4.56,0.00,VMS 1,,Tanque,,1.08,1.08,1.26,1.50,2.79,2.24,3.93,3.54
20/05/2025 11:26 p. m.,Ordeño,10:02,17.62,3,,,,,0,,0.60,0.84,0.78,0.84,0,0,0,0,4.54,4.78,4.74,0.00,VMS 1,,Tanque,,1.20,1.26,1.20,1.20,3.54,3.44,5.47,5.17
21/05/2025 05:48 a. m.,Ordeño,08:29,11.35,1,,,,,0,,0.66,0.42,0.66,0.78,0,0,0,0,4.52,4.52,4.56,0.00,VMS 1,,Tanque,,0.96,0.72,1.02,1.20,2.08,2.24,3.91,3.12
21/05/2025 01:57 p. m.,Ordeño,08:43,16.08,2,,"DI,TI",,,0,,0.78,0.84,0.78,0.90,0,0,0,0,4.71,4.73,4.70,0.00,VMS 1,,Tanque,,1.26,1.32,1.26,1.26,3.22,3.14,4.53,5.19
21/05/2025 11:15 p. m.,Ordeño,10:07,16.35,3,,DI,,,0,,0.78,0.84,0.78,0.90,0,0,0,0,4.44,4.65,4.71,0.00,VMS 1,,Tanque,,1.44,1.26,1.32,1.26,2.99,3.11,5.56,4.69
22/05/2025 05:34 a. m.,Ordeño,08:42,12.48,1,,TD,,,0,,0.66,0.54,0.72,0.84,0,0,0,0,4.45,4.51,4.51,0.00,VMS 1,,Tanque,,1.08,0.96,1.14,1.50,2.93,2.32,4.22,3.01
22/05/2025 11:24 a. m.,Ordeño,07:59,12.36,2,,,,,0,,0.66,0.72,0.90,0.72,0,0,0,0,4.45,4.58,0.00,4.45,VMS 1,,Tanque,,0.96,1.20,1.26,1.50,2.22,2.30,4.04,3.80
22/05/2025 11:05 p. m.,Ordeño,12:32,20.96,3,,,,,0,,0.72,0.96,0.84,0.96,0,0,0,0,4.58,4.93,4.77,0.00,VMS 1,,Tanque,,1.44,1.50,1.38,1.38,4.30,4.13,6.60,5.93
23/05/2025 02:34 a. m.,Rechazada,00:00,,,,,,,,,,,,,,,,,,,,,VMS 1,,,,,,,,,,,
23/05/2025 05:32 a. m.,Ordeño,09:24,14.03,1,,,,,0,,0.66,0.60,0.72,0.84,0,0,0,0,4.59,4.65,4.70,0.00,VMS 1,,Tanque,,1.02,1.02,1.38,1.20,2.72,2.61,4.59,4.11
23/05/2025 02:48 p. m.,Ordeño,09:43,18.61,2,,"DI,TI",,,0,,0.78,0.78,0.90,0.90,0,0,0,0,4.97,5.07,4.90,0.00,VMS 1,,Tanque,,1.26,1.20,1.26,1.38,3.65,3.56,6.08,5.32
24/05/2025 02:59 a. m.,Ordeño,10:46,22.22,1,,"TI,TD",,,0,,0.78,1.02,0.90,0.96,0,0,0,0,4.60,4.87,4.61,0.00,VMS 1,,Tanque,,1.20,1.44,2.70,1.50,4.94,4.58,7.05,5.65
24/05/2025 07:58 a. m.,Ordeño,07:44,10.35,2,,TD,,,0,,0.60,0.60,0.78,0.96,0,0,0,0,4.31,4.53,4.49,0.00,VMS 1,,Tanque,,0.90,0.90,1.14,1.62,1.92,1.98,3.92,2.53
24/05/2025 05:25 p. m.,Ordeño,11:12,19.91,3,,DI,,,0,,0.78,0.84,0.72,0.90,0,0,0,0,4.74,4.91,4.82,0.00,VMS 1,,Tanque,,1.26,1.32,1.32,1.50,3.46,3.65,6.03,6.77
25/05/2025 06:20 a. m.,Ordeño,11:26,23.73,1,,TI,,,0,,0.72,0.96,0.78,0.90,0,0,0,0,4.73,4.99,4.82,0.00,VMS 1,,Tanque,,1.14,1.44,1.44,1.38,5.36,4.67,6.73,6.97
25/05/2025 11:49 a. m.,Ordeño,08:26,11.99,2,,TI,,,0,,0.72,0.84,0.72,0.84,0,0,0,0,4.23,4.60,4.43,0.00,VMS 1,,Tanque,,1.14,1.44,1.32,1.32,2.24,2.28,4.32,3.15
25/05/2025 06:48 p. m.,Ordeño,09:29,13.95,3,,,,,0,,0.66,0.66,0.66,0.84,0,0,0,0,4.36,4.61,4.35,0.00,VMS 1,,Tanque,,1.02,1.14,1.14,1.26,2.80,2.66,4.44,4.05
26/05/2025 03:05 a. m.,Ordeño,09:20,15.40,1,,,,,0,,0.78,0.90,0.84,0.90,0,0,0,0,4.57,4.80,4.70,0.00,VMS 1,,Tanque,,1.20,1.38,1.20,1.38,3.00,3.04,4.99,4.37
26/05/2025 08:26 a. m.,Ordeño,06:57,11.26,2,,,,,0,,0.66,0.60,0.84,0.90,0,0,0,0,4.38,4.59,4.56,0.00,VMS 1,,Tanque,,0.96,0.90,1.26,1.26,2.14,2.11,3.64,3.37
26/05/2025 02:05 p. m.,Ordeño,08:10,7.45,3,,,TD,TD,0,,0.78,0.66,0.84,0.00,0,0,0,0,4.60,4.58,4.62,0.00,VMS 1,,Tanque,,1.14,1.08,1.44,0.00,1.98,2.12,3.35,0.00
26/05/2025 07:19 p. m.,Ordeño,07:21,11.14,4,,TD,,,0,,0.66,0.60,0.72,0.96,0,0,0,0,4.33,4.44,4.43,0.00,VMS 1,,Tanque,,1.02,1.02,1.14,1.62,1.60,1.61,2.73,5.20
27/05/2025 04:04 a. m.,Ordeño,09:30,18.06,1,,,,,0,,0.84,0.96,0.84,1.02,0,0,0,0,4.80,4.91,4.83,0.00,VMS 1,,Tanque,,1.26,1.38,1.38,1.32,3.41,3.59,5.73,5.33
27/05/2025 10:44 a. m.,Ordeño,07:33,12.25,2,,,,,0,,0.72,0.48,0.84,0.90,0,0,0,0,4.55,4.31,4.60,0.00,VMS 1,,Tanque,,1.08,0.90,1.14,1.38,2.58,1.96,4.03,3.68
27/05/2025 05:56 p. m.,Ordeño,08:36,13.70,3,,,,,0,,0.66,0.90,0.78,0.90,0,0,0,0,4.61,4.81,4.79,0.00,VMS 1,,Tanque,,1.08,1.44,1.14,1.20,2.41,3.06,4.43,3.80
28/05/2025 03:16 a. m.,Ordeño,09:56,18.28,1,,,,,0,,0.84,0.84,0.84,0.96,0,0,0,0,4.66,4.77,4.70,0.00,VMS 1,,Tanque,,1.14,1.32,1.38,1.38,3.69,3.53,5.77,5.29
28/05/2025 11:18 a. m.,Ordeño,08:53,15.29,2,,DI,,,0,,0.78,0.78,0.78,0.90,0,0,0,0,4.45,4.65,4.56,0.00,VMS 1,,Tanque,,1.32,1.44,1.20,1.38,2.93,2.89,4.96,4.51
28/05/2025 04:44 p. m.,Ordeño,06:49,10.01,3,,TD,,,0,,0.72,0.66,0.78,0.90,0,0,0,0,4.51,4.52,4.58,0.00,VMS 1,,Tanque,,1.02,1.14,1.20,1.44,2.05,1.94,3.31,2.71
29/05/2025 04:23 a. m.,Ordeño,10:43,22.12,1,,"DI,TI,TD",,,0,,0.78,0.90,0.90,0.96,0,0,0,0,4.77,5.01,4.83,0.00,VMS 1,,Tanque,,1.44,1.38,1.50,1.44,4.10,4.34,6.98,6.70
29/05/2025 12:45 p. m.,Ordeño,10:27,15.30,2,,,,,0,,0.60,0.78,0.66,0.84,0,0,0,0,4.58,4.67,4.49,0.00,VMS 1,,Tanque,,0.90,1.20,1.02,1.26,2.99,2.96,4.91,4.44
29/05/2025 06:24 p. m.,Ordeño,07:08,11.30,3,,,,,0,,0.60,0.60,0.78,0.78,0,0,0,0,4.40,4.65,4.55,0.00,VMS 1,,Tanque,,0.90,1.02,1.20,1.26,2.29,2.14,3.73,3.14
30/05/2025 12:29 a. m.,Ordeño,06:52,10.24,1,,,,,0,,0.54,0.60,0.78,0.84,0,0,0,0,4.33,4.59,4.55,0.00,VMS 1,,Tanque,,0.96,0.84,1.14,1.20,2.05,1.94,3.27,2.98
30/05/2025 10:30 a. m.,Ordeño,10:10,19.81,2,,,,,0,,0.90,0.90,0.84,1.02,0,0,0,0,4.88,4.94,4.78,0.00,VMS 1,,Tanque,,1.38,1.38,1.26,1.50,3.89,3.95,6.37,5.60
30/05/2025 03:38 p. m.,Ordeño,05:55,8.43,3,,,,,0,,0.66,0.60,0.78,0.96,0,0,0,0,4.48,4.61,0.00,4.64,VMS 1,,Tanque,,0.96,0.90,1.14,1.38,1.66,1.59,2.56,2.62
31/05/2025 01:26 a. m.,Ordeño,08:47,16.88,1,,,,,0,,0.78,0.90,0.84,0.78,0,0,0,0,4.52,4.68,4.53,0.00,VMS 1,,Tanque,,1.20,1.32,1.26,1.14,3.34,3.14,5.51,4.89
31/05/2025 11:40 a. m.,Ordeño,10:25,20.36,2,,,,,0,,0.84,1.02,0.84,0.96,0,0,0,0,4.79,4.87,4.67,0.00,VMS 1,,Tanque,,1.26,1.50,1.32,1.38,3.98,4.20,6.48,5.70
31/05/2025 09:30 p. m.,Ordeño,09:30,14.82,3,,,,,0,,0.54,0.66,0.78,0.84,0,377,0,0,4.17,4.42,4.35,0.00,VMS 1,,Tanque,,0.84,1.26,1.20,1.20,2.90,2.79,4.86,4.27
01/06/2025 05:39 a. m.,Ordeño,09:01,16.41,1,,,,,0,,0.72,0.78,0.90,0.90,0,0,0,0,4.69,4.73,4.72,0.00,VMS 1,,Tanque,,1.02,1.32,1.32,1.32,3.22,3.04,5.53,4.62
01/06/2025 11:32 a. m.,Ordeño,09:17,11.68,2,,,,,0,,0.78,0.60,0.72,0.78,0,0,0,0,4.62,4.68,4.64,0.00,VMS 1,,Tanque,,1.26,1.02,1.08,1.20,2.36,2.25,3.58,3.49
01/06/2025 07:14 p. m.,Ordeño,09:57,14.18,3,,,,,0,,0.66,0.72,0.84,0.90,0,300,0,0,4.56,4.74,4.83,0.00,VMS 1,,Tanque,,1.14,1.20,1.62,1.38,2.76,2.78,4.49,4.15
02/06/2025 02:52 a. m.,Ordeño,08:22,14.52,1,,,,,0,,0.66,0.72,0.84,0.84,0,0,0,0,4.50,4.80,4.70,0.00,VMS 1,,Tanque,,1.14,1.32,1.20,1.74,2.80,2.76,4.75,4.21
02/06/2025 03:50 p. m.,Ordeño,11:59,24.16,2,,,,,0,,0.78,1.02,0.90,1.02,0,0,0,0,4.92,5.12,5.03,0.00,VMS 1,,Tanque,,1.20,1.44,1.44,1.56,4.91,4.87,7.53,6.85
02/06/2025 09:42 p. m.,Ordeño,06:47,8.99,3,,,,,0,,0.60,0.54,0.78,0.78,0,0,0,0,4.15,4.27,4.31,0.00,VMS 1,,Tanque,,1.02,0.84,1.20,1.14,1.62,1.72,3.09,2.56
03/06/2025 08:17 a. m.,Ordeño,10:57,19.32,1,,,,,0,,0.72,0.78,0.84,0.96,0,319,0,0,4.71,4.87,4.69,0.00,VMS 1,,Tanque,,1.08,1.32,1.26,1.26,3.88,3.73,6.01,5.70
03/06/2025 08:27 p. m.,Ordeño,10:43,20.79,2,,,,,0,,0.78,0.90,0.84,0.90,0,0,0,0,4.74,5.00,4.87,0.00,VMS 1,,Tanque,,1.14,1.38,1.20,1.32,4.10,4.09,6.80,5.80
04/06/2025 04:00 a. m.,Ordeño,08:06,13.93,1,,,,,0,,0.72,0.60,0.84,0.96,0,0,0,0,4.62,4.80,4.71,0.00,VMS 1,,Tanque,,1.08,0.96,1.20,1.44,2.75,2.47,4.63,4.08
04/06/2025 12:19 p. m.,Ordeño,08:31,15.10,2,,,,,0,,0.78,0.90,0.84,0.90,0,0,0,0,4.62,4.81,4.71,0.00,VMS 1,,Tanque,,1.14,1.56,1.38,1.26,2.88,3.22,4.63,4.37
04/06/2025 10:15 p. m.,Ordeño,11:38,15.77,3,,TD,,,0,,0.72,0.90,0.78,0.90,0,0,0,0,4.48,4.70,4.69,0.00,VMS 1,,Tanque,,1.02,1.38,1.20,1.26,2.90,3.08,5.18,4.61
05/06/2025 05:20 a. m.,Ordeño,08:16,13.81,1,,,,,0,,0.66,0.84,0.84,0.96,0,0,0,0,4.76,4.89,4.82,0.00,VMS 1,,Tanque,,1.02,1.38,1.26,1.38,2.91,2.65,4.52,3.73
05/06/2025 11:48 a. m.,Ordeño,08:47,10.42,2,,,,,0,,0.72,0.78,0.66,0.72,0,308,0,0,4.82,5.09,4.63,0.00,VMS 1,,Tanque,,1.02,1.26,1.08,1.08,1.93,1.99,3.41,3.09
05/06/2025 06:04 p. m.,Ordeño,07:45,11.82,3,,TI,,,0,,0.72,0.72,0.66,0.96,0,0,0,0,4.76,4.86,0.00,4.98,VMS 1,,Tanque,,1.20,1.26,1.14,1.26,2.37,2.25,3.52,3.68
06/06/2025 03:02 a. m.,Ordeño,09:47,16.87,1,,,,,0,,0.72,0.90,0.84,0.90,0,0,0,0,5.04,5.14,5.02,0.00,VMS 1,,Tanque,,1.20,1.38,1.32,1.32,3.30,3.36,5.54,4.67
06/06/2025 10:27 a. m.,Ordeño,08:49,14.42,2,,,,,0,,0.66,0.84,0.78,0.90,0,0,0,0,4.89,5.08,5.04,0.00,VMS 1,,Tanque,,1.02,1.26,1.26,1.26,2.90,2.76,4.72,4.04
07/06/2025 01:28 a. m.,Ordeño,11:23,23.24,1,,,,,0,,0.78,0.96,0.84,0.96,0,386,0,0,4.94,5.09,4.91,0.00,VMS 1,,Tanque,,1.08,1.44,1.32,1.44,4.64,4.51,7.35,6.74
07/06/2025 11:04 a. m.,Ordeño,11:31,19.28,2,,,,,0,,0.78,0.96,0.78,0.90,0,0,0,0,4.59,4.81,4.66,0.00,VMS 1,,Tanque,,1.26,1.44,1.20,1.44,3.79,3.78,6.12,5.59
07/06/2025 07:52 p. m.,Ordeño,08:31,13.36,3,,,,,0,,0.60,0.66,0.72,0.84,0,320,0,0,4.25,4.53,4.36,0.00,VMS 1,,Tanque,,1.14,1.08,1.08,1.26,2.72,2.55,4.25,3.84
08/06/2025 02:47 a. m.,Ordeño,07:45,10.42,1,,,,,0,,0.60,0.66,0.78,0.78,0,317,0,0,4.39,4.45,4.57,0.00,VMS 1,,Tanque,,0.90,1.20,1.20,1.50,1.95,1.95,3.40,3.12
08/06/2025 09:33 a. m.,Ordeño,08:27,12.95,2,,,,,0,,0.72,0.72,0.78,0.84,0,0,0,0,4.47,4.63,4.58,0.00,VMS 1,,Tanque,,1.20,1.20,1.38,1.32,2.54,2.52,4.18,3.71
08/06/2025 05:05 p. m.,Ordeño,08:52,13.27,3,,TD,,,0,,0.60,0.60,0.72,0.78,0,0,0,0,4.60,4.76,4.77,0.00,VMS 1,,Tanque,,1.08,1.02,1.32,1.26,2.58,2.56,4.25,3.88
09/06/2025 02:34 a. m.,Ordeño,10:11,16.81,1,,,,,0,,0.72,0.84,0.78,0.84,0,0,0,0,4.78,4.98,4.84,0.00,VMS 1,,Tanque,,1.02,1.32,1.14,1.26,3.41,3.27,5.47,4.66
09/06/2025 09:30 a. m.,Ordeño,08:00,11.07,2,,,,,0,,0.54,0.60,0.72,0.78,0,0,0,0,4.26,4.37,4.44,0.00,VMS 1,,Tanque,,0.96,0.84,1.26,1.26,2.11,2.10,3.66,3.20
09/06/2025 04:22 p. m.,Ordeño,08:52,9.90,3,,,,,0,,0.60,0.48,0.66,0.84,0,0,0,0,4.51,4.64,4.72,0.00,VMS 1,,Tanque,,0.90,0.84,1.08,1.14,2.05,1.95,3.01,2.89
09/06/2025 10:36 p. m.,Ordeño,09:13,10.80,4,,,,,0,,0.60,0.66,0.78,0.72,0,0,0,0,4.33,4.49,4.44,0.00,VMS 1,,Tanque,,0.90,1.02,1.26,1.20,1.95,2.11,4.04,2.70
10/06/2025 07:44 a. m.,Ordeño,09:02,14.69,1,,,,,0,,0.60,0.78,0.78,0.78,0,0,0,0,4.52,4.62,4.59,0.00,VMS 1,,Tanque,,1.08,1.26,1.20,1.20,2.82,2.86,4.81,4.20
10/06/2025 02:01 p. m.,Ordeño,10:49,9.14,2,,TD,TD,,0,,0.48,0.66,0.78,0.72,0,0,0,0,4.16,4.39,4.46,0.00,VMS 1,,Tanque,,1.14,1.08,1.14,1.50,2.13,2.23,3.68,1.10
10/06/2025 06:01 p. m.,Ordeño,06:40,4.33,3,,,"DI,DD,TI",,0,,0.24,0.24,0.54,0.78,0,0,0,0,3.85,4.24,4.44,0.00,VMS 1,,Tanque,,0.66,0.48,0.90,1.20,0.48,0.39,0.95,2.51
11/06/2025 01:37 a. m.,Ordeño,09:11,15.59,1,,TD,,,0,,0.66,0.78,0.78,0.84,0,0,0,0,4.50,4.65,4.65,0.00,VMS 1,,Tanque,,1.08,1.32,1.14,1.20,3.09,3.04,4.93,4.53
11/06/2025 07:44 a. m.,Ordeño,07:35,9.84,2,,,,,0,,0.42,0.54,0.78,0.78,0,0,0,0,4.32,4.57,4.64,0.00,VMS 1,,Tanque,,0.72,0.84,1.20,1.20,2.02,1.83,3.26,2.73
11/06/2025 04:34 p. m.,Ordeño,08:46,15.32,3,,,,,0,,0.72,0.84,0.84,0.84,0,0,0,0,4.72,4.78,4.84,0.00,VMS 1,,Tanque,,1.08,1.32,1.32,1.20,2.81,3.15,4.93,4.43
12/06/2025 01:39 a. m.,Ordeño,09:02,14.60,1,,,,,0,,0.66,0.84,0.78,0.84,0,0,0,0,4.73,4.86,4.69,0.00,VMS 1,,Tanque,,1.08,1.32,1.38,1.20,2.75,2.77,4.91,4.17
12/06/2025 08:47 a. m.,Ordeño,08:23,13.71,2,,,,,0,,0.66,0.78,0.78,0.84,0,0,0,0,4.80,4.93,4.82,0.00,VMS 1,,Tanque,,1.02,1.26,1.20,1.14,2.77,2.77,4.51,3.66
12/06/2025 05:05 p. m.,Ordeño,08:35,13.83,3,,,,,0,,0.66,0.72,0.78,0.84,0,0,0,0,4.78,5.00,4.83,0.00,VMS 1,,Tanque,,1.08,1.14,1.50,1.20,2.52,2.75,4.63,3.93
13/06/2025 12:31 a. m.,Ordeño,13:31,12.29,1,,TI,,,0,,0.78,0.60,0.60,0.84,0,0,0,0,4.79,4.65,4.70,0.00,VMS 1,,Tanque,,1.20,0.96,1.50,1.32,2.63,2.53,3.41,3.72
13/06/2025 07:32 a. m.,Ordeño,09:46,13.45,2,,,,,0,,0.66,0.84,0.78,0.78,0,0,0,0,4.66,4.85,4.82,0.00,VMS 1,,Tanque,,1.08,1.38,1.14,1.20,2.60,2.45,4.77,3.63
13/06/2025 02:24 p. m.,Ordeño,07:49,11.09,3,,,,,0,,0.72,0.66,0.78,0.78,0,0,0,0,4.59,4.72,4.70,0.00,VMS 1,,Tanque,,1.14,1.02,1.26,1.44,2.07,2.03,3.93,3.06
13/06/2025 08:22 p. m.,Ordeño,08:43,11.84,4,,,,,0,,0.66,0.78,0.72,0.90,0,0,0,0,4.66,4.78,4.70,0.00,VMS 1,,Tanque,,1.08,1.26,1.14,1.50,2.42,2.31,3.71,3.40
14/06/2025 02:23 a. m.,Ordeño,07:58,11.49,1,,,,,0,,0.66,0.72,0.72,0.84,0,0,0,0,4.70,4.86,4.91,0.00,VMS 1,,Tanque,,1.14,1.20,1.14,1.32,2.19,2.26,3.68,3.36
14/06/2025 11:35 a. m.,Ordeño,09:16,17.80,2,,,,,0,,0.66,0.84,0.84,0.96,0,0,0,0,4.72,4.92,4.83,0.00,VMS 1,,Tanque,,1.08,1.32,1.26,1.38,3.61,3.60,5.68,4.91
14/06/2025 10:32 p. m.,Ordeño,09:53,17.15,3,,,,,0,,0.72,0.78,0.78,0.84,0,0,0,0,4.58,4.64,4.64,0.00,VMS 1,,Tanque,,1.32,1.20,1.20,1.20,3.36,3.24,5.59,4.96
15/06/2025 07:43 a. m.,Ordeño,09:48,17.68,1,,,,,0,,0.78,0.84,0.84,0.96,0,0,0,0,4.59,4.86,4.69,0.00,VMS 1,,Tanque,,1.20,1.44,1.26,1.32,3.61,3.37,5.79,4.91
15/06/2025 04:51 p. m.,Ordeño,08:56,15.44,2,,,,,0,,0.78,0.72,0.84,0.90,0,0,0,0,4.66,4.59,4.62,0.00,VMS 1,,Tanque,,1.26,1.26,1.32,1.32,3.01,3.01,4.89,4.53
16/06/2025 01:43 a. m.,Ordeño,08:35,15.88,1,,,,,0,,0.78,0.84,0.90,0.90,0,0,0,0,4.73,4.71,4.69,0.00,VMS 1,,Tanque,,1.38,1.38,1.26,1.26,3.04,3.13,5.23,4.48
16/06/2025 01:10 p. m.,Ordeño,10:53,20.65,2,,,,,0,,0.84,1.02,0.78,0.96,0,0,0,0,4.86,4.94,4.81,0.00,VMS 1,,Tanque,,1.26,1.50,1.26,1.38,4.16,4.25,6.44,5.80
16/06/2025 09:30 p. m.,Ordeño,08:46,12.60,3,,,,,0,,0.66,0.78,0.78,0.84,0,0,0,0,4.35,4.44,4.55,0.00,VMS 1,,Tanque,,1.20,1.26,1.26,1.20,2.38,2.34,4.38,3.50
17/06/2025 03:57 a. m.,Ordeño,09:16,11.95,1,,TD,,,0,,0.66,0.60,0.72,0.84,0,0,0,0,4.66,4.65,4.69,0.00,VMS 1,,Tanque,,1.02,1.14,1.08,1.14,2.35,2.26,3.87,3.47
17/06/2025 09:59 a. m.,Ordeño,07:05,10.32,2,,,,,0,,0.60,0.54,0.78,0.78,0,0,0,0,4.55,4.59,4.66,0.00,VMS 1,,Tanque,,0.84,0.90,1.14,1.20,2.11,1.89,3.42,2.90
17/06/2025 04:22 p. m.,Ordeño,07:07,10.97,3,,,,,0,,0.60,0.54,0.78,0.96,0,0,0,0,4.60,4.73,4.74,0.00,VMS 1,,Tanque,,0.96,0.78,1.20,1.38,2.24,2.15,3.59,2.99
18/06/2025 12:37 a. m.,Ordeño,09:50,10.22,1,,,TI,TI,0,,0.78,0.60,0.00,0.96,0,0,0,0,4.82,4.73,0.00,0.00,VMS 1,,Tanque,,1.14,1.02,0.00,1.32,2.79,3.03,0.00,4.40
18/06/2025 08:12 a. m.,Ordeño,11:29,17.08,2,,,,,0,,0.60,0.66,1.02,0.84,0,0,0,0,4.47,4.61,5.05,0.00,VMS 1,,Tanque,,0.96,1.14,1.44,1.20,2.83,2.61,8.03,3.61
18/06/2025 05:28 p. m.,Ordeño,11:49,15.35,3,,,,,0,,0.66,0.90,0.72,0.90,0,0,0,0,4.52,4.75,4.40,0.00,VMS 1,,Tanque,,0.96,1.44,1.14,1.26,3.11,3.13,4.57,4.54
19/06/2025 01:40 a. m.,Ordeño,10:06,15.31,1,,,,,0,,0.72,0.84,0.78,0.84,0,0,0,0,4.58,4.81,4.54,0.00,VMS 1,,Tanque,,1.26,1.26,1.20,1.20,3.06,2.99,4.94,4.32
19/06/2025 08:30 a. m.,Ordeño,07:31,12.74,2,,,,,0,,0.66,0.90,0.90,0.90,0,0,0,0,4.58,4.80,4.69,0.00,VMS 1,,Tanque,,1.08,1.32,1.50,1.20,2.65,2.45,4.19,3.45
19/06/2025 03:52 p. m.,Ordeño,07:32,12.71,3,,,,,0,,0.66,0.78,0.84,0.90,0,0,0,0,4.66,4.81,4.80,0.00,VMS 1,,Tanque,,1.02,1.32,1.26,1.26,2.48,2.50,3.91,3.82
19/06/2025 11:38 p. m.,Ordeño,08:39,13.82,4,,TD,,,0,,0.72,0.72,0.84,0.90,0,0,0,0,4.61,4.67,4.73,0.00,VMS 1,,Tanque,,1.02,1.20,1.32,1.32,2.78,2.62,4.47,3.95
20/06/2025 05:24 a. m.,Ordeño,07:38,11.41,1,,,,,0,,0.66,0.66,0.78,0.84,0,359,0,0,4.58,4.74,4.82,0.00,VMS 1,,Tanque,,1.02,1.08,1.14,1.32,2.27,2.36,3.53,3.25
20/06/2025 01:11 p. m.,Ordeño,08:45,13.39,2,,,,,0,,0.72,0.72,0.78,0.90,0,0,0,0,4.54,4.68,4.65,0.00,VMS 1,,Tanque,,1.02,1.26,1.26,1.32,2.40,2.68,4.43,3.88
20/06/2025 07:13 p. m.,Ordeño,06:59,9.21,3,,,,,0,,0.66,0.66,0.72,0.84,0,0,0,0,4.28,4.64,4.56,0.00,VMS 1,,Tanque,,1.02,1.02,1.20,1.32,1.94,1.69,2.88,2.70
21/06/2025 02:07 a. m.,Ordeño,07:59,13.08,1,,,,,0,,0.66,0.66,0.84,0.90,0,0,0,0,4.56,4.82,4.83,0.00,VMS 1,,Tanque,,1.14,1.02,1.20,1.26,2.71,2.40,4.23,3.74
21/06/2025 10:06 a. m.,Ordeño,07:44,12.79,2,,,,,0,,0.66,0.66,0.84,0.96,0,0,0,0,4.49,4.82,4.83,0.00,VMS 1,,Tanque,,1.08,0.96,1.20,1.44,2.29,2.48,4.29,3.73
21/06/2025 05:36 p. m.,Ordeño,07:56,12.76,3,,,,,0,,0.66,0.66,0.78,0.90,0,0,0,0,4.60,4.73,4.61,0.00,VMS 1,,Tanque,,1.26,1.02,1.26,1.26,2.74,2.35,4.05,3.62
22/06/2025 12:32 a. m.,Ordeño,07:27,11.64,1,,,,,0,,0.60,0.54,0.78,0.84,0,0,0,0,4.59,4.66,4.82,0.00,VMS 1,,Tanque,,0.90,0.90,1.20,1.26,2.24,2.16,3.77,3.47
22/06/2025 06:56 a. m.,Ordeño,08:33,11.94,2,,,,,0,,0.66,0.72,0.78,0.84,0,0,0,0,4.72,4.80,4.88,0.00,VMS 1,,Tanque,,1.02,1.02,1.26,1.26,2.25,2.52,3.84,3.33
22/06/2025 02:43 p. m.,Ordeño,09:04,13.75,3,,,,,0,,0.66,0.66,0.78,0.84,0,0,0,0,4.48,4.50,4.62,0.00,VMS 1,,Tanque,,0.96,1.08,1.08,1.14,2.80,2.66,4.47,3.82
22/06/2025 11:33 p. m.,Ordeño,09:53,15.47,4,,,,,0,,0.66,0.72,0.78,0.84,0,0,0,0,4.62,4.64,4.68,0.00,VMS 1,,Tanque,,1.14,1.14,1.20,1.26,3.02,2.82,5.05,4.58
23/06/2025 05:37 a. m.,Ordeño,07:53,10.17,1,,,,,0,,0.54,0.54,0.72,0.78,0,0,0,0,4.47,4.56,4.71,0.00,VMS 1,,Tanque,,0.84,0.90,1.02,1.14,2.01,1.87,3.49,2.80
23/06/2025 03:12 p. m.,Ordeño,10:14,12.47,2,,,TI,TI,0,,0.78,0.72,0.00,1.02,0,0,0,0,4.70,5.07,0.00,4.97,VMS 3,,Tanque,,1.26,1.26,0.00,1.44,3.73,3.75,0.00,4.99
23/06/2025 11:29 p. m.,Ordeño,08:52,13.02,3,,TI,,,0,,0.66,0.66,0.72,0.90,0,0,0,0,4.48,4.65,5.10,4.79,VMS 3,,Tanque,,1.14,1.14,1.38,1.44,2.30,2.48,4.26,3.98
24/06/2025 08:15 a. m.,Ordeño,08:23,16.80,1,,"DI,TI",,,0,,0.72,0.72,0.90,1.02,0,0,0,0,4.80,4.89,4.98,4.89,VMS 3,,Tanque,,1.14,1.20,1.44,1.50,3.71,3.20,4.93,4.96
24/06/2025 02:55 p. m.,Ordeño,07:10,10.81,2,,TI,,,0,,0.66,0.60,0.84,0.90,0,0,0,0,4.30,4.64,4.62,4.60,VMS 3,,Tanque,,1.02,0.96,1.38,1.38,2.24,2.08,3.50,2.99
24/06/2025 11:02 p. m.,Ordeño,08:19,12.77,3,,TI,,,0,,0.66,0.78,0.78,0.90,0,0,0,0,4.53,4.78,4.43,4.69,VMS 3,,Tanque,,1.02,1.26,1.56,1.32,2.85,2.64,3.16,4.12
25/06/2025 10:18 a. m.,Ordeño,09:15,18.01,1,,,,,0,,0.78,0.84,0.84,0.96,0,0,0,0,4.84,5.04,4.81,5.00,VMS 3,,Tanque,,1.26,1.32,1.26,1.26,3.74,3.64,5.49,5.14
25/06/2025 04:25 p. m.,Ordeño,06:54,7.31,2,,TD,,,0,,0.48,0.48,0.60,0.78,0,0,0,0,4.16,4.64,4.42,4.74,VMS 3,,Tanque,,0.72,0.84,1.08,1.08,1.79,1.64,1.79,2.09
25/06/2025 09:53 p. m.,Ordeño,07:39,7.95,3,,TI,,,0,,0.48,0.48,0.66,0.84,0,0,0,0,4.24,4.57,4.44,4.59,VMS 3,,Tanque,,0.84,0.90,1.14,1.14,1.87,1.44,2.00,2.64
26/06/2025 03:45 a. m.,Ordeño,06:08,9.01,1,,,,,0,,0.60,0.60,0.72,0.84,0,0,0,0,5.03,5.11,4.97,5.12,VMS 3,,Tanque,,0.96,1.08,1.20,1.26,1.99,1.97,2.25,2.80
26/06/2025 11:53 a. m.,Ordeño,08:29,15.45,2,,,,,0,,0.72,0.84,0.84,0.96,0,0,0,0,5.25,5.24,5.32,5.36,VMS 3,,Tanque,,1.08,1.38,1.32,1.32,3.31,3.27,4.21,4.66
26/06/2025 05:42 p. m.,Ordeño,08:24,10.29,3,,,,,0,,0.66,0.54,0.84,0.72,0,0,0,0,4.60,4.86,4.96,4.96,VMS 3,,Tanque,,1.02,1.02,1.56,1.32,2.48,1.79,3.19,2.83
26/06/2025 11:40 p. m.,Ordeño,07:37,10.27,4,,,,,0,,0.66,0.72,0.66,0.84,0,0,0,0,4.84,5.05,5.09,4.98,VMS 3,,Tanque,,1.14,1.20,1.08,1.26,2.19,2.18,2.89,3.01
27/06/2025 06:26 a. m.,Ordeño,15:37,8.72,1,,,TD,TD,0,,0.72,0.54,0.90,0.00,0,0,0,0,4.99,5.05,5.06,0.00,VMS 3,,Tanque,,1.02,0.96,1.38,0.00,2.40,2.69,3.63,0.00
27/06/2025 02:23 p. m.,Ordeño,11:51,17.21,2,,,,,0,,0.84,0.78,0.96,0.96,0,0,0,0,4.99,5.05,5.50,5.17,VMS 3,,Tanque,,1.32,1.32,1.50,1.50,3.16,2.78,7.25,4.02
27/06/2025 11:41 p. m.,Ordeño,11:17,15.33,3,,TI,,,0,,0.72,0.66,0.78,0.84,0,0,0,0,4.49,4.77,4.60,4.77,VMS 3,,Tanque,,1.14,1.02,1.26,1.50,3.34,2.90,4.46,4.63
28/06/2025 08:47 a. m.,Ordeño,08:59,15.53,1,,,,,0,,0.66,0.72,0.84,0.90,0,0,0,0,4.77,4.97,4.88,4.95,VMS 3,,Tanque,,1.14,1.44,1.32,1.38,3.19,3.14,4.69,4.51
28/06/2025 06:31 p. m.,Ordeño,09:04,17.01,2,,,,,0,,0.78,0.66,0.84,0.90,0,0,0,0,4.67,4.91,4.87,4.79,VMS 3,,Tanque,,1.14,1.14,1.32,1.32,3.58,3.29,5.18,4.96
29/06/2025 01:13 a. m.,Ordeño,07:09,9.65,1,,,,,0,,0.48,0.48,0.78,0.84,0,0,0,0,4.24,4.63,4.63,4.66,VMS 3,,Tanque,,0.90,1.08,1.20,1.26,2.16,1.84,3.00,2.65
29/06/2025 08:50 a. m.,Ordeño,10:18,14.78,2,,,,,0,,0.66,0.72,0.84,0.96,0,0,0,0,4.60,4.78,4.84,4.89,VMS 3,,Tanque,,1.02,1.14,1.50,1.44,3.13,2.98,4.33,4.34
29/06/2025 06:31 p. m.,Ordeño,08:50,15.03,3,,,,,0,,0.54,0.66,0.84,0.90,0,0,0,0,4.60,4.72,4.67,4.77,VMS 3,,Tanque,,1.02,1.08,1.32,1.62,3.06,2.88,4.78,4.31
30/06/2025 02:15 a. m.,Ordeño,07:40,12.83,1,,,,,0,,0.66,0.78,0.84,0.90,0,0,0,0,4.61,4.94,4.84,4.91,VMS 3,,Tanque,,1.08,1.26,1.26,1.26,2.63,2.51,4.01,3.68
30/06/2025 11:48 a. m.,Ordeño,09:21,15.16,2,,"DD,TI",,,0,,0.66,0.90,0.90,0.90,0,0,0,0,4.88,5.07,5.10,5.18,VMS 3,,Tanque,,1.14,1.38,1.26,1.26,3.50,2.74,3.90,5.02
30/06/2025 10:18 p. m.,Ordeño,10:36,18.94,3,,,,,0,,0.66,0.84,0.90,0.90,0,0,0,0,4.74,5.14,4.94,4.95,VMS 3,,Tanque,,1.08,1.20,1.44,1.50,3.45,3.88,6.78,4.83
01/07/2025 05:49 a. m.,Ordeño,08:33,13.20,1,,,,,0,,0.66,0.66,0.78,0.84,0,0,0,0,4.69,4.78,4.62,4.61,VMS 3,,Tanque,,1.08,1.14,1.26,1.26,2.81,2.39,4.14,3.86
01/07/2025 02:48 p. m.,Ordeño,08:56,14.84,2,,"DD,TD",,,0,,0.72,0.78,0.78,0.96,0,0,0,0,4.64,4.91,4.71,4.89,VMS 3,,Tanque,,1.08,1.32,1.26,1.50,3.17,2.98,4.66,4.03
01/07/2025 11:10 p. m.,Ordeño,09:47,14.81,3,,,,,0,,0.72,0.72,0.72,0.72,0,0,0,0,4.72,4.98,4.84,4.96,VMS 3,,Tanque,,1.14,1.14,1.20,1.14,3.01,2.90,4.56,4.34
02/07/2025 07:26 a. m.,Ordeño,09:39,14.29,1,,,,,0,,0.66,0.66,0.78,0.84,0,0,0,0,4.52,4.79,4.64,4.74,VMS 3,,Tanque,,1.02,1.08,1.20,1.38,3.05,2.82,4.52,3.90
02/07/2025 04:16 p. m.,Ordeño,07:54,13.16,2,,,,,0,,0.72,0.60,0.84,0.78,0,0,0,0,4.52,4.71,4.64,4.75,VMS 3,,Tanque,,1.14,0.96,1.20,1.08,2.84,2.49,4.16,3.67
03/07/2025 02:56 a. m.,Ordeño,09:16,16.94,1,,,,,0,,0.66,0.84,0.84,0.96,0,0,0,0,4.66,4.90,4.77,4.96,VMS 3,,Tanque,,1.14,1.38,1.26,1.44,3.62,3.12,5.41,4.79
03/07/2025 11:34 a. m.,Ordeño,09:35,13.50,2,,DI,,,0,,0.66,0.66,0.72,0.84,0,0,0,0,4.56,4.86,4.58,4.89,VMS 3,,Tanque,,1.08,1.14,1.38,1.26,2.71,2.69,4.31,3.79
04/07/2025 01:27 a. m.,Ordeño,10:38,19.78,1,,TI,,,0,,0.66,0.84,0.78,0.84,0,0,0,0,4.57,4.84,4.66,4.96,VMS 3,,Tanque,,1.20,1.26,1.44,1.26,4.38,4.04,5.64,5.72
04/07/2025 02:04 p. m.,Ordeño,12:42,19.26,2,,TI,,,0,,0.72,0.90,0.84,0.90,0,0,0,0,4.37,4.78,4.48,4.80,VMS 3,,Tanque,,1.26,1.38,2.76,1.26,4.16,3.63,6.26,5.21
04/07/2025 10:26 p. m.,Ordeño,07:17,10.26,3,,TI,,,0,,0.54,0.78,0.66,0.78,0,0,0,0,4.22,4.58,4.28,4.54,VMS 3,,Tanque,,1.02,1.26,1.32,1.26,2.26,2.20,2.66,3.14
05/07/2025 10:13 a. m.,Ordeño,09:21,17.87,1,,TI,,,0,,0.66,0.90,0.84,1.08,0,0,0,0,4.85,5.04,4.81,5.13,VMS 3,,Tanque,,1.26,1.50,1.38,1.50,3.89,3.66,5.12,5.20
05/07/2025 06:12 p. m.,Ordeño,07:10,10.53,2,,TI,,,0,,0.66,0.78,0.78,0.84,0,0,0,0,4.44,4.82,4.61,4.76,VMS 3,,Tanque,,1.20,1.44,1.38,1.32,2.32,2.21,2.89,3.11
06/07/2025 03:03 a. m.,Ordeño,09:57,13.71,1,,TD,,,0,,0.66,0.66,0.78,0.84,0,0,0,0,4.74,4.89,4.58,4.94,VMS 3,,Tanque,,1.20,1.26,1.32,1.50,2.75,2.51,4.98,3.47
06/07/2025 03:03 p. m.,Ordeño,09:25,16.15,2,,"TI,TD",,,0,,0.60,0.96,0.90,0.90,0,0,0,0,4.81,5.02,4.76,5.11,VMS 3,,Tanque,,1.20,1.44,1.74,1.68,3.84,3.88,4.22,4.21
06/07/2025 10:01 p. m.,Ordeño,06:57,10.15,3,,"TI,TD",,,0,,0.54,0.54,0.78,0.90,0,0,0,0,4.38,4.53,4.50,4.81,VMS 3,,Tanque,,0.90,0.90,1.62,1.56,2.31,1.93,2.66,3.25
07/07/2025 08:52 a. m.,Ordeño,10:01,18.96,1,,,,,0,,0.66,0.78,0.90,1.02,0,0,0,0,4.95,4.91,4.86,4.97,VMS 3,,Tanque,,1.26,1.26,1.38,1.50,3.50,3.42,6.30,5.74
07/07/2025 05:26 p. m.,Ordeño,07:47,12.36,2,,,,,0,,0.72,0.66,0.72,0.90,0,0,0,0,4.54,4.72,4.53,4.50,VMS 3,,Tanque,,1.20,1.14,1.14,1.44,2.88,2.43,3.49,3.56
08/07/2025 03:28 a. m.,Ordeño,10:05,14.53,1,,,,,0,,0.66,0.84,0.66,0.84,0,0,0,0,4.76,4.93,4.59,4.88,VMS 3,,Tanque,,1.14,1.32,1.02,1.20,3.14,3.02,4.31,4.06
08/07/2025 11:29 a. m.,Ordeño,07:52,12.14,2,,,,,0,,0.66,0.66,0.72,0.84,0,0,0,0,4.67,4.73,4.74,4.81,VMS 3,,Tanque,,1.38,1.26,1.14,1.38,2.64,2.54,3.58,3.38
08/07/2025 09:38 p. m.,Ordeño,10:02,15.68,3,,,,,0,,0.78,0.84,0.72,0.90,0,0,0,0,4.75,4.92,4.68,4.95,VMS 3,,Tanque,,1.44,1.32,1.08,1.20,3.21,3.13,4.87,4.47
09/07/2025 06:40 a. m.,Ordeño,08:38,15.59,1,,,,,0,,0.84,0.78,0.84,0.90,0,0,0,0,4.90,4.93,4.85,4.95,VMS 3,,Tanque,,1.44,1.20,1.20,1.32,3.60,3.19,4.44,4.36
09/07/2025 04:14 p. m.,Ordeño,08:42,15.18,2,,,,,0,,0.66,0.84,0.84,0.90,0,0,0,0,4.71,4.92,4.73,4.93,VMS 3,,Tanque,,1.14,1.38,1.26,1.32,3.20,3.00,4.66,4.32
10/07/2025 02:00 a. m.,Ordeño,09:14,16.96,1,,,,,0,,0.72,0.84,0.84,0.96,0,0,0,0,4.76,4.87,4.70,4.83,VMS 3,,Tanque,,1.20,1.38,1.32,1.26,3.66,3.38,5.20,4.72
10/07/2025 09:34 a. m.,Ordeño,08:33,13.04,2,,,,,0,,0.66,0.84,0.72,0.90,0,0,0,0,4.77,4.86,4.70,4.96,VMS 3,,Tanque,,1.32,1.32,1.20,1.32,2.78,2.65,4.00,3.61
10/07/2025 06:49 p. m.,Ordeño,10:03,18.60,3,,,,,0,,0.54,0.78,1.44,1.08,0,0,0,0,4.68,4.86,5.35,4.82,VMS 3,,Tanque,,0.96,1.32,2.94,1.38,3.28,3.30,7.31,4.71
11/07/2025 06:56 a. m.,Ordeño,10:33,22.81,1,,,,,0,,0.66,0.84,1.56,0.90,0,0,0,0,4.74,4.78,5.07,4.71,VMS 3,,Tanque,,1.50,1.26,4.26,1.32,4.04,3.67,9.58,5.52
11/07/2025 10:38 p. m.,Ordeño,12:18,26.84,2,,,,,0,,0.78,0.90,1.56,0.96,0,0,329,0,4.86,4.97,5.04,4.96,VMS 3,,Tanque,,1.44,1.38,3.00,1.32,4.97,4.75,10.37,6.75
12/07/2025 08:15 a. m.,Ordeño,08:58,19.58,1,,,,,0,,0.60,0.84,1.50,0.90,0,0,0,0,4.65,4.72,4.60,4.66,VMS 3,,Tanque,,1.20,1.38,3.24,1.32,3.31,3.28,8.26,4.73
12/07/2025 06:35 p. m.,Ordeño,08:19,17.37,2,,,,,0,,0.66,0.72,1.50,0.84,0,0,0,0,4.46,4.62,4.55,4.32,VMS 3,,Tanque,,1.32,1.32,4.14,1.20,3.19,2.66,7.10,4.42
13/07/2025 01:55 a. m.,Ordeño,07:51,11.33,1,,DI,,,0,,0.60,0.78,0.78,0.84,0,0,0,0,4.83,4.79,4.10,4.43,VMS 3,,Tanque,,1.02,1.26,1.20,1.68,1.98,2.32,3.50,3.53
13/07/2025 09:37 a. m.,Ordeño,08:54,13.18,2,,,,,0,,0.60,0.78,0.72,0.90,0,0,0,0,4.97,4.80,4.28,4.91,VMS 3,,Tanque,,1.02,1.26,1.20,1.38,2.68,2.81,3.87,3.82
14/07/2025 01:02 a. m.,Ordeño,12:02,23.02,1,,,,,0,,0.90,0.90,0.84,0.90,0,0,0,0,4.73,4.78,4.34,4.78,VMS 3,,Tanque,,1.68,1.32,1.26,1.44,4.92,4.41,7.00,6.69
14/07/2025 10:06 a. m.,Ordeño,08:19,12.28,2,,,,,0,,0.66,0.72,0.72,0.84,0,0,0,0,4.44,4.43,3.96,4.32,VMS 3,,Tanque,,1.38,1.32,1.26,1.32,2.70,2.48,3.76,3.34
14/07/2025 05:00 p. m.,Ordeño,06:48,5.75,3,,,"DD,TI",,0,,0.54,0.30,0.54,0.60,0,0,0,0,4.39,4.40,3.77,4.19,VMS 3,,Tanque,,0.84,0.78,1.02,1.02,1.30,0.94,1.87,1.64
15/07/2025 02:25 a. m.,Ordeño,08:56,12.31,1,,,,,0,,0.60,0.66,0.72,0.90,0,0,0,0,4.66,4.65,4.14,4.63,VMS 3,,Tanque,,1.02,1.14,1.14,1.26,2.64,2.36,3.81,3.50
15/07/2025 11:05 a. m.,Ordeño,07:34,10.64,2,,,,,0,,0.60,0.66,0.72,0.78,0,0,0,0,4.53,4.77,4.35,4.71,VMS 3,,Tanque,,0.96,1.32,1.08,1.14,2.22,2.18,3.32,2.92
15/07/2025 05:56 p. m.,Ordeño,08:58,8.83,3,,,,,0,,0.54,0.54,0.60,0.78,0,0,0,0,4.55,4.79,4.35,4.82,VMS 3,,Tanque,,1.02,1.02,1.26,1.20,1.90,1.46,3.00,2.47
16/07/2025 05:12 a. m.,Ordeño,09:02,15.10,1,,TI,,,0,,0.66,0.72,0.78,0.84,0,0,0,0,4.78,5.00,4.59,4.87,VMS 3,,Tanque,,1.02,1.26,1.38,1.20,3.08,3.16,4.47,4.39
16/07/2025 02:52 p. m.,Ordeño,09:03,13.32,2,,TD,,,0,,0.66,0.84,0.78,0.78,0,0,0,0,4.56,4.85,4.48,4.74,VMS 3,,Tanque,,1.02,1.26,2.70,1.32,2.78,2.52,4.40,3.62
16/07/2025 10:53 p. m.,Ordeño,08:14,10.87,3,,,,,0,,0.54,0.78,0.66,0.78,0,0,0,0,4.56,4.76,4.50,4.81,VMS 3,,Tanque,,0.90,1.32,1.08,1.08,2.33,2.10,3.43,3.01
17/07/2025 08:37 a. m.,Ordeño,10:10,15.39,1,,TI,,,0,,0.66,0.78,0.78,0.90,0,0,0,0,4.74,4.97,4.86,5.00,VMS 3,,Tanque,,0.96,1.32,1.20,1.26,3.18,3.14,4.62,4.45
17/07/2025 05:35 p. m.,Ordeño,08:42,14.06,2,,TI,,,0,,0.72,0.90,0.78,0.84,0,0,0,0,4.72,4.94,4.71,5.12,VMS 3,,Tanque,,1.14,1.38,1.56,1.26,3.05,2.67,4.35,3.99
18/07/2025 08:47 a. m.,Ordeño,10:39,22.31,1,,TI,,,0,,0.72,1.02,0.90,0.96,0,0,0,0,4.98,4.98,4.88,5.26,VMS 3,,Tanque,,1.08,1.50,1.38,1.44,4.70,4.60,6.84,6.17
